method,run,generation,best
GP_plain,0,0,6.890625
GP_plain,0,1,8.53125
GP_plain,0,2,8.203125
GP_plain,0,3,7.09375
GP_plain,0,4,6.296875
GP_plain,0,5,6.21875
GP_plain,0,6,6.859375
GP_plain,0,7,5.453125
GP_plain,0,8,4.40625
GP_plain,0,9,4.1875
GP_plain,0,10,4.1875
GP_plain,0,11,4.1875
GP_plain,0,12,4.1875
GP_plain,0,13,4.1875
GP_plain,0,14,4.1875
GP_plain,0,15,4.1875
GP_plain,0,16,4.1875
GP_plain,0,17,4.3125
GP_plain,0,18,4.3125
GP_plain,0,19,4.625
GP_plain,0,20,4.875
GP_plain,0,21,5.75
GP_plain,0,22,6.75
GP_plain,0,23,7.546875
GP_plain,0,24,8.0625
GP_plain,0,25,8.953125
GP_plain,0,26,10.59375
GP_plain,0,27,11.359375
GP_plain,0,28,11.8125
GP_plain,0,29,12.703125
GP_plain,0,30,12.71875
GP_plain,0,31,13.765625
GP_plain,0,32,14.1875
GP_plain,0,33,14.375
GP_plain,0,34,14.578125
GP_plain,0,35,14.96875
GP_plain,0,36,14.875
GP_plain,0,37,14.75
GP_plain,0,38,14.5625
GP_plain,0,39,14.15625
GP_plain,0,40,13.375
GP_plain,0,41,13.0
GP_plain,0,42,13.0
GP_plain,0,43,13.0
GP_plain,0,44,13.0
GP_plain,0,45,13.0
GP_plain,0,46,13.0
GP_plain,0,47,13.0
GP_plain,0,48,13.0
GP_plain,0,49,13.0
GP_plain,0,50,13.0
GP_plain,0,51,13.0
GP_plain,0,52,13.0
GP_plain,0,53,13.0
GP_plain,0,54,13.0
GP_plain,0,55,13.0
GP_plain,0,56,13.0
GP_plain,0,57,13.0
GP_plain,0,58,13.0
GP_plain,0,59,13.0
GP_plain,0,60,13.0
GP_plain,0,61,13.015625
GP_plain,0,62,13.015625
GP_plain,0,63,13.046875
GP_plain,1,0,6.078125
GP_plain,1,1,6.46875
GP_plain,1,2,6.578125
GP_plain,1,3,7.375
GP_plain,1,4,8.734375
GP_plain,1,5,8.78125
GP_plain,1,6,7.125
GP_plain,1,7,5.5625
GP_plain,1,8,5.25
GP_plain,1,9,6.09375
GP_plain,1,10,7.3125
GP_plain,1,11,9.4375
GP_plain,1,12,9.40625
GP_plain,1,13,9.8125
GP_plain,1,14,10.25
GP_plain,1,15,10.171875
GP_plain,1,16,9.1875
GP_plain,1,17,9.109375
GP_plain,1,18,9.1875
GP_plain,1,19,9.0
GP_plain,1,20,8.0
GP_plain,1,21,8.0
GP_plain,1,22,8.0
GP_plain,1,23,8.0
GP_plain,1,24,8.0
GP_plain,1,25,8.0
GP_plain,1,26,8.0
GP_plain,1,27,8.0
GP_plain,1,28,8.0
GP_plain,1,29,8.0
GP_plain,1,30,8.0
GP_plain,1,31,8.0
GP_plain,1,32,8.0
GP_plain,1,33,8.0
GP_plain,1,34,8.0
GP_plain,1,35,8.0
GP_plain,1,36,8.0
GP_plain,1,37,8.0
GP_plain,1,38,8.0
GP_plain,1,39,8.0
GP_plain,1,40,8.0
GP_plain,1,41,8.0
GP_plain,1,42,8.0
GP_plain,1,43,8.0
GP_plain,1,44,8.0
GP_plain,1,45,8.0
GP_plain,1,46,8.0
GP_plain,1,47,8.0
GP_plain,1,48,8.0
GP_plain,1,49,8.0
GP_plain,1,50,8.0
GP_plain,1,51,8.0
GP_plain,1,52,8.0
GP_plain,1,53,8.0
GP_plain,1,54,8.0
GP_plain,1,55,8.0
GP_plain,1,56,8.0
GP_plain,1,57,8.0
GP_plain,1,58,8.0
GP_plain,1,59,8.09375
GP_plain,1,60,8.28125
GP_plain,1,61,8.4375
GP_plain,1,62,8.6875
GP_plain,1,63,9.015625
GP_plain,2,0,6.3125
GP_plain,2,1,6.484375
GP_plain,2,2,7.046875
GP_plain,2,3,8.078125
GP_plain,2,4,12.34375
GP_plain,2,5,12.5625
GP_plain,2,6,13.953125
GP_plain,2,7,17.515625
GP_plain,2,8,17.0625
GP_plain,2,9,16.421875
GP_plain,2,10,15.40625
GP_plain,2,11,14.71875
GP_plain,2,12,16.390625
GP_plain,2,13,19.8125
GP_plain,2,14,20.171875
GP_plain,2,15,18.3125
GP_plain,2,16,20.15625
GP_plain,2,17,22.984375
GP_plain,2,18,23.578125
GP_plain,2,19,27.25
GP_plain,2,20,27.359375
GP_plain,2,21,27.875
GP_plain,2,22,28.703125
GP_plain,2,23,29.859375
GP_plain,2,24,29.953125
GP_plain,2,25,29.9375
GP_plain,2,26,29.921875
GP_plain,2,27,29.40625
GP_plain,2,28,28.890625
GP_plain,2,29,29.15625
GP_plain,2,30,30.125
GP_plain,2,31,30.90625
GP_plain,2,32,31.984375
GP_plain,2,33,32.0
GP_plain,2,34,32.0
GP_plain,2,35,32.0
GP_plain,2,36,32.0
GP_plain,2,37,32.0
GP_plain,2,38,32.0
GP_plain,2,39,32.0
GP_plain,2,40,32.0
GP_plain,2,41,32.0
GP_plain,2,42,32.0
GP_plain,2,43,32.0
GP_plain,2,44,32.0
GP_plain,2,45,32.0
GP_plain,2,46,32.0
GP_plain,2,47,32.0
GP_plain,2,48,32.0
GP_plain,2,49,32.0
GP_plain,2,50,32.0
GP_plain,2,51,32.0
GP_plain,2,52,32.0
GP_plain,2,53,32.0
GP_plain,2,54,32.0
GP_plain,2,55,32.0
GP_plain,2,56,32.0
GP_plain,2,57,32.0
GP_plain,2,58,32.0
GP_plain,2,59,32.0
GP_plain,2,60,32.0
GP_plain,2,61,32.0
GP_plain,2,62,32.0
GP_plain,2,63,32.0
GP_plain,3,0,6.671875
GP_plain,3,1,8.5625
GP_plain,3,2,7.53125
GP_plain,3,3,6.59375
GP_plain,3,4,6.265625
GP_plain,3,5,5.375
GP_plain,3,6,5.1875
GP_plain,3,7,5.3125
GP_plain,3,8,5.4375
GP_plain,3,9,5.5
GP_plain,3,10,5.765625
GP_plain,3,11,5.984375
GP_plain,3,12,6.671875
GP_plain,3,13,7.4375
GP_plain,3,14,8.0
GP_plain,3,15,8.765625
GP_plain,3,16,10.296875
GP_plain,3,17,10.390625
GP_plain,3,18,10.859375
GP_plain,3,19,11.6875
GP_plain,3,20,11.796875
GP_plain,3,21,11.609375
GP_plain,3,22,10.390625
GP_plain,3,23,8.0
GP_plain,3,24,8.0
GP_plain,3,25,8.0
GP_plain,3,26,8.0
GP_plain,3,27,8.0
GP_plain,3,28,8.0
GP_plain,3,29,8.046875
GP_plain,3,30,8.046875
GP_plain,3,31,8.046875
GP_plain,3,32,8.09375
GP_plain,3,33,8.09375
GP_plain,3,34,8.328125
GP_plain,3,35,8.796875
GP_plain,3,36,9.890625
GP_plain,3,37,11.59375
GP_plain,3,38,14.0
GP_plain,3,39,14.796875
GP_plain,3,40,15.015625
GP_plain,3,41,14.109375
GP_plain,3,42,14.21875
GP_plain,3,43,14.484375
GP_plain,3,44,14.90625
GP_plain,3,45,15.09375
GP_plain,3,46,15.125
GP_plain,3,47,15.203125
GP_plain,3,48,15.375
GP_plain,3,49,15.515625
GP_plain,3,50,15.921875
GP_plain,3,51,15.875
GP_plain,3,52,15.78125
GP_plain,3,53,15.578125
GP_plain,3,54,15.40625
GP_plain,3,55,15.234375
GP_plain,3,56,15.390625
GP_plain,3,57,15.796875
GP_plain,3,58,16.0
GP_plain,3,59,16.0
GP_plain,3,60,16.0
GP_plain,3,61,16.0
GP_plain,3,62,16.0
GP_plain,3,63,16.0
GP_plain,4,0,7.171875
GP_plain,4,1,5.8125
GP_plain,4,2,4.1875
GP_plain,4,3,3.5625
GP_plain,4,4,2.53125
GP_plain,4,5,1.984375
GP_plain,4,6,2.703125
GP_plain,4,7,4.015625
GP_plain,4,8,7.375
GP_plain,4,9,7.984375
GP_plain,4,10,8.015625
GP_plain,4,11,8.796875
GP_plain,4,12,8.4375
GP_plain,4,13,9.25
GP_plain,4,14,9.90625
GP_plain,4,15,9.78125
GP_plain,4,16,9.078125
GP_plain,4,17,8.078125
GP_plain,4,18,8.203125
GP_plain,4,19,8.421875
GP_plain,4,20,8.53125
GP_plain,4,21,8.28125
GP_plain,4,22,7.875
GP_plain,4,23,7.09375
GP_plain,4,24,7.0
GP_plain,4,25,7.0
GP_plain,4,26,7.0
GP_plain,4,27,7.0
GP_plain,4,28,7.09375
GP_plain,4,29,7.1875
GP_plain,4,30,7.46875
GP_plain,4,31,8.40625
GP_plain,4,32,9.796875
GP_plain,4,33,12.609375
GP_plain,4,34,13.921875
GP_plain,4,35,15.328125
GP_plain,4,36,17.296875
GP_plain,4,37,19.0
GP_plain,4,38,19.0
GP_plain,4,39,19.0
GP_plain,4,40,19.0
GP_plain,4,41,19.0
GP_plain,4,42,19.0
GP_plain,4,43,19.0
GP_plain,4,44,18.984375
GP_plain,4,45,19.171875
GP_plain,4,46,19.625
GP_plain,4,47,20.53125
GP_plain,4,48,21.90625
GP_plain,4,49,23.984375
GP_plain,4,50,23.578125
GP_plain,4,51,21.703125
GP_plain,4,52,18.9375
GP_plain,4,53,14.484375
GP_plain,4,54,14.96875
GP_plain,4,55,20.015625
GP_plain,4,56,27.734375
GP_plain,4,57,31.0
GP_plain,4,58,31.0
GP_plain,4,59,31.0
GP_plain,4,60,31.0
GP_plain,4,61,31.0
GP_plain,4,62,31.0
GP_plain,4,63,31.0
GP_plain,5,0,6.953125
GP_plain,5,1,6.734375
GP_plain,5,2,5.921875
GP_plain,5,3,5.96875
GP_plain,5,4,6.65625
GP_plain,5,5,5.03125
GP_plain,5,6,4.96875
GP_plain,5,7,5.09375
GP_plain,5,8,5.4375
GP_plain,5,9,5.4375
GP_plain,5,10,5.84375
GP_plain,5,11,5.5625
GP_plain,5,12,5.0
GP_plain,5,13,5.0
GP_plain,5,14,5.0
GP_plain,5,15,5.0
GP_plain,5,16,5.0
GP_plain,5,17,5.0
GP_plain,5,18,5.0
GP_plain,5,19,5.0
GP_plain,5,20,5.0
GP_plain,5,21,5.0
GP_plain,5,22,5.0
GP_plain,5,23,5.0
GP_plain,5,24,5.0
GP_plain,5,25,5.0
GP_plain,5,26,5.0
GP_plain,5,27,5.0
GP_plain,5,28,5.0
GP_plain,5,29,5.0
GP_plain,5,30,5.0
GP_plain,5,31,5.0
GP_plain,5,32,5.0
GP_plain,5,33,5.0
GP_plain,5,34,5.0
GP_plain,5,35,5.0
GP_plain,5,36,5.0
GP_plain,5,37,5.0
GP_plain,5,38,5.0
GP_plain,5,39,5.0
GP_plain,5,40,5.0
GP_plain,5,41,5.0
GP_plain,5,42,5.0
GP_plain,5,43,5.0
GP_plain,5,44,5.0
GP_plain,5,45,5.0
GP_plain,5,46,5.0
GP_plain,5,47,5.0
GP_plain,5,48,5.0
GP_plain,5,49,5.0
GP_plain,5,50,5.0
GP_plain,5,51,5.0
GP_plain,5,52,5.0
GP_plain,5,53,5.125
GP_plain,5,54,5.125
GP_plain,5,55,5.125
GP_plain,5,56,5.375
GP_plain,5,57,5.75
GP_plain,5,58,6.125
GP_plain,5,59,7.625
GP_plain,5,60,10.625
GP_plain,5,61,13.0
GP_plain,5,62,13.3125
GP_plain,5,63,13.625
GP_plain,6,0,8.046875
GP_plain,6,1,7.78125
GP_plain,6,2,6.765625
GP_plain,6,3,6.46875
GP_plain,6,4,6.109375
GP_plain,6,5,4.59375
GP_plain,6,6,4.0
GP_plain,6,7,4.75
GP_plain,6,8,5.59375
GP_plain,6,9,6.6875
GP_plain,6,10,7.9375
GP_plain,6,11,9.125
GP_plain,6,12,11.40625
GP_plain,6,13,12.8125
GP_plain,6,14,13.0
GP_plain,6,15,12.9375
GP_plain,6,16,12.875
GP_plain,6,17,12.75
GP_plain,6,18,12.6875
GP_plain,6,19,11.9375
GP_plain,6,20,11.1875
GP_plain,6,21,10.25
GP_plain,6,22,9.0
GP_plain,6,23,9.0
GP_plain,6,24,9.0
GP_plain,6,25,9.0
GP_plain,6,26,9.0
GP_plain,6,27,9.046875
GP_plain,6,28,9.046875
GP_plain,6,29,9.046875
GP_plain,6,30,9.140625
GP_plain,6,31,9.328125
GP_plain,6,32,9.75
GP_plain,6,33,10.546875
GP_plain,6,34,11.484375
GP_plain,6,35,12.0
GP_plain,6,36,12.0
GP_plain,6,37,12.0
GP_plain,6,38,12.0
GP_plain,6,39,12.0
GP_plain,6,40,12.0
GP_plain,6,41,12.0
GP_plain,6,42,12.0
GP_plain,6,43,12.0
GP_plain,6,44,12.015625
GP_plain,6,45,12.046875
GP_plain,6,46,12.171875
GP_plain,6,47,12.34375
GP_plain,6,48,12.640625
GP_plain,6,49,13.0
GP_plain,6,50,13.0
GP_plain,6,51,13.0
GP_plain,6,52,13.0
GP_plain,6,53,13.0
GP_plain,6,54,13.0
GP_plain,6,55,13.0
GP_plain,6,56,13.0
GP_plain,6,57,13.0
GP_plain,6,58,13.0
GP_plain,6,59,13.0
GP_plain,6,60,13.0
GP_plain,6,61,13.0
GP_plain,6,62,13.0
GP_plain,6,63,13.0
GP_plain,7,0,6.4375
GP_plain,7,1,8.234375
GP_plain,7,2,7.640625
GP_plain,7,3,6.21875
GP_plain,7,4,5.765625
GP_plain,7,5,5.671875
GP_plain,7,6,5.15625
GP_plain,7,7,4.5
GP_plain,7,8,4.84375
GP_plain,7,9,5.453125
GP_plain,7,10,6.125
GP_plain,7,11,6.203125
GP_plain,7,12,6.265625
GP_plain,7,13,6.40625
GP_plain,7,14,6.546875
GP_plain,7,15,6.859375
GP_plain,7,16,7.1875
GP_plain,7,17,7.453125
GP_plain,7,18,7.8125
GP_plain,7,19,8.34375
GP_plain,7,20,8.5625
GP_plain,7,21,8.6875
GP_plain,7,22,8.5
GP_plain,7,23,7.984375
GP_plain,7,24,7.390625
GP_plain,7,25,6.28125
GP_plain,7,26,5.265625
GP_plain,7,27,5.0
GP_plain,7,28,5.0
GP_plain,7,29,5.0
GP_plain,7,30,5.0
GP_plain,7,31,5.0
GP_plain,7,32,5.0
GP_plain,7,33,5.0
GP_plain,7,34,5.0
GP_plain,7,35,5.0
GP_plain,7,36,5.0
GP_plain,7,37,5.0
GP_plain,7,38,5.0
GP_plain,7,39,5.0625
GP_plain,7,40,5.1875
GP_plain,7,41,5.3125
GP_plain,7,42,5.4375
GP_plain,7,43,5.8125
GP_plain,7,44,6.3125
GP_plain,7,45,7.1875
GP_plain,7,46,8.25
GP_plain,7,47,9.0625
GP_plain,7,48,9.1875
GP_plain,7,49,9.75
GP_plain,7,50,10.25
GP_plain,7,51,10.875
GP_plain,7,52,12.1875
GP_plain,7,53,13.4375
GP_plain,7,54,14.0
GP_plain,7,55,15.0
GP_plain,7,56,15.8125
GP_plain,7,57,15.8125
GP_plain,7,58,15.4375
GP_plain,7,59,15.125
GP_plain,7,60,15.125
GP_plain,7,61,15.125
GP_plain,7,62,15.125
GP_plain,7,63,15.125
GP_plain,8,0,7.25
GP_plain,8,1,6.734375
GP_plain,8,2,7.4375
GP_plain,8,3,6.40625
GP_plain,8,4,2.96875
GP_plain,8,5,3.671875
GP_plain,8,6,4.421875
GP_plain,8,7,5.71875
GP_plain,8,8,7.34375
GP_plain,8,9,7.34375
GP_plain,8,10,7.46875
GP_plain,8,11,7.671875
GP_plain,8,12,8.40625
GP_plain,8,13,9.234375
GP_plain,8,14,10.0625
GP_plain,8,15,10.3125
GP_plain,8,16,10.59375
GP_plain,8,17,10.8125
GP_plain,8,18,11.21875
GP_plain,8,19,11.15625
GP_plain,8,20,11.28125
GP_plain,8,21,11.546875
GP_plain,8,22,11.796875
GP_plain,8,23,12.1875
GP_plain,8,24,12.375
GP_plain,8,25,12.65625
GP_plain,8,26,13.0
GP_plain,8,27,13.0
GP_plain,8,28,13.0
GP_plain,8,29,13.0
GP_plain,8,30,13.0
GP_plain,8,31,13.0
GP_plain,8,32,13.0
GP_plain,8,33,13.0
GP_plain,8,34,13.0
GP_plain,8,35,13.0
GP_plain,8,36,13.0
GP_plain,8,37,13.0
GP_plain,8,38,13.015625
GP_plain,8,39,13.03125
GP_plain,8,40,13.03125
GP_plain,8,41,13.125
GP_plain,8,42,13.34375
GP_plain,8,43,13.5
GP_plain,8,44,13.90625
GP_plain,8,45,14.40625
GP_plain,8,46,14.28125
GP_plain,8,47,14.515625
GP_plain,8,48,14.96875
GP_plain,8,49,15.015625
GP_plain,8,50,15.0625
GP_plain,8,51,15.140625
GP_plain,8,52,15.34375
GP_plain,8,53,15.625
GP_plain,8,54,16.0
GP_plain,8,55,16.0
GP_plain,8,56,16.0
GP_plain,8,57,16.0
GP_plain,8,58,16.0
GP_plain,8,59,16.0
GP_plain,8,60,16.0
GP_plain,8,61,16.0
GP_plain,8,62,16.0
GP_plain,8,63,16.0
GP_plain,9,0,6.734375
GP_plain,9,1,6.84375
GP_plain,9,2,7.734375
GP_plain,9,3,6.5
GP_plain,9,4,6.234375
GP_plain,9,5,5.484375
GP_plain,9,6,4.03125
GP_plain,9,7,3.9375
GP_plain,9,8,3.9375
GP_plain,9,9,3.9375
GP_plain,9,10,3.9375
GP_plain,9,11,3.9375
GP_plain,9,12,3.9375
GP_plain,9,13,3.9375
GP_plain,9,14,3.9375
GP_plain,9,15,3.9375
GP_plain,9,16,3.9375
GP_plain,9,17,3.9375
GP_plain,9,18,3.9375
GP_plain,9,19,3.9375
GP_plain,9,20,3.9375
GP_plain,9,21,3.9375
GP_plain,9,22,3.9375
GP_plain,9,23,3.9375
GP_plain,9,24,3.9375
GP_plain,9,25,3.9375
GP_plain,9,26,3.9375
GP_plain,9,27,3.9375
GP_plain,9,28,3.9375
GP_plain,9,29,3.9375
GP_plain,9,30,3.9375
GP_plain,9,31,3.9375
GP_plain,9,32,3.9375
GP_plain,9,33,3.9375
GP_plain,9,34,3.9375
GP_plain,9,35,3.9375
GP_plain,9,36,3.9375
GP_plain,9,37,3.9375
GP_plain,9,38,3.96875
GP_plain,9,39,3.96875
GP_plain,9,40,4.03125
GP_plain,9,41,4.125
GP_plain,9,42,4.25
GP_plain,9,43,4.34375
GP_plain,9,44,4.625
GP_plain,9,45,5.0
GP_plain,9,46,5.125
GP_plain,9,47,5.125
GP_plain,9,48,5.125
GP_plain,9,49,5.125
GP_plain,9,50,5.125
GP_plain,9,51,5.125
GP_plain,9,52,5.125
GP_plain,9,53,5.125
GP_plain,9,54,5.125
GP_plain,9,55,5.125
GP_plain,9,56,5.125
GP_plain,9,57,5.125
GP_plain,9,58,5.125
GP_plain,9,59,5.203125
GP_plain,9,60,5.28125
GP_plain,9,61,5.4375
GP_plain,9,62,5.75
GP_plain,9,63,6.453125
GP_plain,10,0,5.421875
GP_plain,10,1,5.25
GP_plain,10,2,4.71875
GP_plain,10,3,5.140625
GP_plain,10,4,4.9375
GP_plain,10,5,3.90625
GP_plain,10,6,4.125
GP_plain,10,7,4.125
GP_plain,10,8,4.25
GP_plain,10,9,4.5625
GP_plain,10,10,5.625
GP_plain,10,11,6.21875
GP_plain,10,12,6.8125
GP_plain,10,13,7.25
GP_plain,10,14,8.1875
GP_plain,10,15,8.71875
GP_plain,10,16,9.34375
GP_plain,10,17,9.875
GP_plain,10,18,10.375
GP_plain,10,19,10.625
GP_plain,10,20,11.0
GP_plain,10,21,11.0
GP_plain,10,22,11.0
GP_plain,10,23,11.0
GP_plain,10,24,11.0
GP_plain,10,25,11.0
GP_plain,10,26,11.0
GP_plain,10,27,11.0
GP_plain,10,28,11.0
GP_plain,10,29,11.0
GP_plain,10,30,11.0
GP_plain,10,31,11.0
GP_plain,10,32,11.0
GP_plain,10,33,11.0
GP_plain,10,34,11.0
GP_plain,10,35,11.0
GP_plain,10,36,11.0
GP_plain,10,37,11.0
GP_plain,10,38,11.0
GP_plain,10,39,11.0
GP_plain,10,40,11.0
GP_plain,10,41,11.0
GP_plain,10,42,11.0
GP_plain,10,43,11.0
GP_plain,10,44,11.0
GP_plain,10,45,11.0
GP_plain,10,46,11.0
GP_plain,10,47,11.0
GP_plain,10,48,11.0
GP_plain,10,49,11.0
GP_plain,10,50,11.0
GP_plain,10,51,11.0
GP_plain,10,52,11.0
GP_plain,10,53,11.0
GP_plain,10,54,11.0
GP_plain,10,55,11.0
GP_plain,10,56,11.0
GP_plain,10,57,11.0
GP_plain,10,58,11.0
GP_plain,10,59,11.0
GP_plain,10,60,11.0
GP_plain,10,61,11.0
GP_plain,10,62,11.0
GP_plain,10,63,11.0
GP_plain,11,0,7.0
GP_plain,11,1,7.796875
GP_plain,11,2,10.65625
GP_plain,11,3,11.8125
GP_plain,11,4,11.671875
GP_plain,11,5,11.09375
GP_plain,11,6,11.0
GP_plain,11,7,10.140625
GP_plain,11,8,12.625
GP_plain,11,9,14.28125
GP_plain,11,10,14.90625
GP_plain,11,11,15.0
GP_plain,11,12,15.0
GP_plain,11,13,15.0
GP_plain,11,14,15.0
GP_plain,11,15,14.984375
GP_plain,11,16,14.984375
GP_plain,11,17,14.96875
GP_plain,11,18,14.90625
GP_plain,11,19,14.796875
GP_plain,11,20,14.53125
GP_plain,11,21,14.296875
GP_plain,11,22,14.125
GP_plain,11,23,14.125
GP_plain,11,24,14.125
GP_plain,11,25,14.125
GP_plain,11,26,14.125
GP_plain,11,27,14.125
GP_plain,11,28,14.125
GP_plain,11,29,14.125
GP_plain,11,30,14.125
GP_plain,11,31,14.125
GP_plain,11,32,14.125
GP_plain,11,33,14.125
GP_plain,11,34,14.125
GP_plain,11,35,14.125
GP_plain,11,36,14.125
GP_plain,11,37,14.125
GP_plain,11,38,14.125
GP_plain,11,39,14.125
GP_plain,11,40,14.125
GP_plain,11,41,14.125
GP_plain,11,42,14.125
GP_plain,11,43,14.125
GP_plain,11,44,14.125
GP_plain,11,45,14.09375
GP_plain,11,46,14.09375
GP_plain,11,47,14.09375
GP_plain,11,48,14.09375
GP_plain,11,49,14.09375
GP_plain,11,50,14.03125
GP_plain,11,51,13.96875
GP_plain,11,52,13.84375
GP_plain,11,53,13.46875
GP_plain,11,54,12.828125
GP_plain,11,55,12.09375
GP_plain,11,56,12.15625
GP_plain,11,57,12.328125
GP_plain,11,58,12.6875
GP_plain,11,59,13.078125
GP_plain,11,60,13.359375
GP_plain,11,61,13.96875
GP_plain,11,62,13.90625
GP_plain,11,63,13.765625
GP_plain,12,0,6.3125
GP_plain,12,1,6.234375
GP_plain,12,2,5.734375
GP_plain,12,3,5.4375
GP_plain,12,4,6.171875
GP_plain,12,5,5.125
GP_plain,12,6,3.4375
GP_plain,12,7,3.4375
GP_plain,12,8,3.4375
GP_plain,12,9,3.4375
GP_plain,12,10,3.4375
GP_plain,12,11,3.4375
GP_plain,12,12,3.4375
GP_plain,12,13,3.4375
GP_plain,12,14,3.4375
GP_plain,12,15,3.46875
GP_plain,12,16,3.46875
GP_plain,12,17,3.65625
GP_plain,12,18,3.8125
GP_plain,12,19,4.09375
GP_plain,12,20,4.71875
GP_plain,12,21,5.1875
GP_plain,12,22,5.1875
GP_plain,12,23,5.1875
GP_plain,12,24,5.1875
GP_plain,12,25,5.1875
GP_plain,12,26,5.1875
GP_plain,12,27,5.1875
GP_plain,12,28,5.1875
GP_plain,12,29,5.1875
GP_plain,12,30,5.1875
GP_plain,12,31,5.1875
GP_plain,12,32,5.1875
GP_plain,12,33,5.234375
GP_plain,12,34,5.28125
GP_plain,12,35,5.328125
GP_plain,12,36,5.59375
GP_plain,12,37,5.90625
GP_plain,12,38,6.46875
GP_plain,12,39,7.140625
GP_plain,12,40,7.65625
GP_plain,12,41,8.515625
GP_plain,12,42,8.015625
GP_plain,12,43,8.015625
GP_plain,12,44,8.03125
GP_plain,12,45,8.0
GP_plain,12,46,7.71875
GP_plain,12,47,7.1875
GP_plain,12,48,7.0
GP_plain,12,49,7.0
GP_plain,12,50,7.0
GP_plain,12,51,7.0
GP_plain,12,52,7.0
GP_plain,12,53,7.0
GP_plain,12,54,7.0
GP_plain,12,55,7.0
GP_plain,12,56,7.0
GP_plain,12,57,7.0
GP_plain,12,58,7.0
GP_plain,12,59,7.0
GP_plain,12,60,7.0
GP_plain,12,61,7.03125
GP_plain,12,62,7.03125
GP_plain,12,63,7.03125
GP_plain,13,0,6.046875
GP_plain,13,1,7.390625
GP_plain,13,2,6.59375
GP_plain,13,3,6.984375
GP_plain,13,4,5.71875
GP_plain,13,5,4.25
GP_plain,13,6,4.75
GP_plain,13,7,5.90625
GP_plain,13,8,9.515625
GP_plain,13,9,13.609375
GP_plain,13,10,16.921875
GP_plain,13,11,16.875
GP_plain,13,12,16.796875
GP_plain,13,13,16.53125
GP_plain,13,14,16.09375
GP_plain,13,15,16.109375
GP_plain,13,16,16.21875
GP_plain,13,17,16.421875
GP_plain,13,18,16.265625
GP_plain,13,19,16.0
GP_plain,13,20,16.0
GP_plain,13,21,16.0
GP_plain,13,22,16.0
GP_plain,13,23,16.0
GP_plain,13,24,16.0
GP_plain,13,25,16.0
GP_plain,13,26,16.0
GP_plain,13,27,16.0
GP_plain,13,28,16.0
GP_plain,13,29,16.0
GP_plain,13,30,15.921875
GP_plain,13,31,16.0
GP_plain,13,32,16.390625
GP_plain,13,33,17.296875
GP_plain,13,34,19.046875
GP_plain,13,35,21.09375
GP_plain,13,36,21.1875
GP_plain,13,37,21.4375
GP_plain,13,38,21.84375
GP_plain,13,39,22.5
GP_plain,13,40,23.0
GP_plain,13,41,22.9375
GP_plain,13,42,22.75
GP_plain,13,43,22.71875
GP_plain,13,44,22.71875
GP_plain,13,45,22.625
GP_plain,13,46,22.09375
GP_plain,13,47,21.34375
GP_plain,13,48,21.0
GP_plain,13,49,20.984375
GP_plain,13,50,20.921875
GP_plain,13,51,20.890625
GP_plain,13,52,20.75
GP_plain,13,53,20.59375
GP_plain,13,54,20.421875
GP_plain,13,55,20.390625
GP_plain,13,56,20.71875
GP_plain,13,57,21.0
GP_plain,13,58,21.0
GP_plain,13,59,21.0
GP_plain,13,60,21.0
GP_plain,13,61,21.0
GP_plain,13,62,21.0
GP_plain,13,63,21.0
GP_plain,14,0,7.734375
GP_plain,14,1,9.109375
GP_plain,14,2,8.5
GP_plain,14,3,9.46875
GP_plain,14,4,12.546875
GP_plain,14,5,15.046875
GP_plain,14,6,14.328125
GP_plain,14,7,23.78125
GP_plain,14,8,27.625
GP_plain,14,9,27.65625
GP_plain,14,10,27.390625
GP_plain,14,11,26.375
GP_plain,14,12,25.78125
GP_plain,14,13,25.15625
GP_plain,14,14,27.328125
GP_plain,14,15,28.75
GP_plain,14,16,28.703125
GP_plain,14,17,27.140625
GP_plain,14,18,25.421875
GP_plain,14,19,27.09375
GP_plain,14,20,27.28125
GP_plain,14,21,26.234375
GP_plain,14,22,25.25
GP_plain,14,23,25.296875
GP_plain,14,24,25.484375
GP_plain,14,25,26.25
GP_plain,14,26,26.75
GP_plain,14,27,26.75
GP_plain,14,28,26.75
GP_plain,14,29,26.75
GP_plain,14,30,26.75
GP_plain,14,31,26.75
GP_plain,14,32,26.75
GP_plain,14,33,26.75
GP_plain,14,34,26.75
GP_plain,14,35,26.75
GP_plain,14,36,26.75
GP_plain,14,37,26.75
GP_plain,14,38,26.75
GP_plain,14,39,26.75
GP_plain,14,40,26.75
GP_plain,14,41,26.75
GP_plain,14,42,26.75
GP_plain,14,43,26.75
GP_plain,14,44,26.84375
GP_plain,14,45,27.125
GP_plain,14,46,27.578125
GP_plain,14,47,28.375
GP_plain,14,48,30.15625
GP_plain,14,49,32.234375
GP_plain,14,50,32.375
GP_plain,14,51,31.3125
GP_plain,14,52,29.265625
GP_plain,14,53,26.3125
GP_plain,14,54,21.015625
GP_plain,14,55,20.875
GP_plain,14,56,20.4375
GP_plain,14,57,20.0
GP_plain,14,58,19.609375
GP_plain,14,59,19.390625
GP_plain,14,60,20.125
GP_plain,14,61,19.03125
GP_plain,14,62,18.296875
GP_plain,14,63,18.59375
GP_plain,15,0,8.03125
GP_plain,15,1,7.0
GP_plain,15,2,6.671875
GP_plain,15,3,6.53125
GP_plain,15,4,7.875
GP_plain,15,5,5.859375
GP_plain,15,6,5.84375
GP_plain,15,7,5.640625
GP_plain,15,8,6.015625
GP_plain,15,9,6.40625
GP_plain,15,10,6.359375
GP_plain,15,11,7.0
GP_plain,15,12,7.59375
GP_plain,15,13,8.578125
GP_plain,15,14,9.515625
GP_plain,15,15,9.90625
GP_plain,15,16,10.390625
GP_plain,15,17,12.03125
GP_plain,15,18,12.3125
GP_plain,15,19,12.734375
GP_plain,15,20,13.171875
GP_plain,15,21,13.125
GP_plain,15,22,12.890625
GP_plain,15,23,13.828125
GP_plain,15,24,14.578125
GP_plain,15,25,15.671875
GP_plain,15,26,15.890625
GP_plain,15,27,15.65625
GP_plain,15,28,15.453125
GP_plain,15,29,15.65625
GP_plain,15,30,16.34375
GP_plain,15,31,17.390625
GP_plain,15,32,18.640625
GP_plain,15,33,19.328125
GP_plain,15,34,19.84375
GP_plain,15,35,20.734375
GP_plain,15,36,22.0
GP_plain,15,37,22.921875
GP_plain,15,38,23.671875
GP_plain,15,39,23.421875
GP_plain,15,40,23.4375
GP_plain,15,41,23.984375
GP_plain,15,42,25.0
GP_plain,15,43,26.984375
GP_plain,15,44,27.8125
GP_plain,15,45,27.65625
GP_plain,15,46,27.46875
GP_plain,15,47,27.09375
GP_plain,15,48,26.953125
GP_plain,15,49,27.03125
GP_plain,15,50,26.984375
GP_plain,15,51,25.828125
GP_plain,15,52,23.640625
GP_plain,15,53,22.0
GP_plain,15,54,22.0
GP_plain,15,55,22.03125
GP_plain,15,56,22.03125
GP_plain,15,57,22.0
GP_plain,15,58,22.0
GP_plain,15,59,22.0625
GP_plain,15,60,22.0625
GP_plain,15,61,22.0625
GP_plain,15,62,22.0625
GP_plain,15,63,22.03125
GP_plain,16,0,7.171875
GP_plain,16,1,4.65625
GP_plain,16,2,4.5625
GP_plain,16,3,5.203125
GP_plain,16,4,5.40625
GP_plain,16,5,5.46875
GP_plain,16,6,5.0
GP_plain,16,7,4.6875
GP_plain,16,8,3.765625
GP_plain,16,9,3.28125
GP_plain,16,10,3.5625
GP_plain,16,11,3.84375
GP_plain,16,12,4.703125
GP_plain,16,13,5.40625
GP_plain,16,14,6.65625
GP_plain,16,15,7.640625
GP_plain,16,16,7.828125
GP_plain,16,17,7.453125
GP_plain,16,18,7.0
GP_plain,16,19,7.0
GP_plain,16,20,7.0
GP_plain,16,21,7.0
GP_plain,16,22,7.0
GP_plain,16,23,7.0
GP_plain,16,24,7.0
GP_plain,16,25,7.0
GP_plain,16,26,7.0
GP_plain,16,27,7.0
GP_plain,16,28,7.0
GP_plain,16,29,7.0
GP_plain,16,30,7.0
GP_plain,16,31,7.0
GP_plain,16,32,7.0
GP_plain,16,33,7.0
GP_plain,16,34,7.0
GP_plain,16,35,7.0
GP_plain,16,36,7.0
GP_plain,16,37,7.0
GP_plain,16,38,7.0
GP_plain,16,39,7.0
GP_plain,16,40,7.0
GP_plain,16,41,7.0
GP_plain,16,42,7.0
GP_plain,16,43,7.0
GP_plain,16,44,7.0
GP_plain,16,45,7.0
GP_plain,16,46,7.0
GP_plain,16,47,7.0
GP_plain,16,48,7.0
GP_plain,16,49,7.0
GP_plain,16,50,7.0
GP_plain,16,51,7.0
GP_plain,16,52,7.0
GP_plain,16,53,7.0
GP_plain,16,54,7.0
GP_plain,16,55,7.0
GP_plain,16,56,7.0
GP_plain,16,57,7.0
GP_plain,16,58,7.0
GP_plain,16,59,7.0
GP_plain,16,60,7.0
GP_plain,16,61,7.0
GP_plain,16,62,7.0
GP_plain,16,63,7.0
GP_plain,17,0,7.078125
GP_plain,17,1,6.640625
GP_plain,17,2,7.265625
GP_plain,17,3,8.1875
GP_plain,17,4,10.171875
GP_plain,17,5,11.484375
GP_plain,17,6,11.65625
GP_plain,17,7,8.421875
GP_plain,17,8,3.640625
GP_plain,17,9,3.1875
GP_plain,17,10,3.1875
GP_plain,17,11,3.1875
GP_plain,17,12,3.1875
GP_plain,17,13,3.1875
GP_plain,17,14,3.1875
GP_plain,17,15,3.1875
GP_plain,17,16,3.1875
GP_plain,17,17,3.1875
GP_plain,17,18,3.25
GP_plain,17,19,3.25
GP_plain,17,20,3.3125
GP_plain,17,21,3.375
GP_plain,17,22,3.5
GP_plain,17,23,3.6875
GP_plain,17,24,4.3125
GP_plain,17,25,4.9375
GP_plain,17,26,6.0625
GP_plain,17,27,7.4375
GP_plain,17,28,7.75
GP_plain,17,29,8.3125
GP_plain,17,30,9.3125
GP_plain,17,31,10.4375
GP_plain,17,32,11.6875
GP_plain,17,33,12.6875
GP_plain,17,34,13.8125
GP_plain,17,35,15.9375
GP_plain,17,36,16.5
GP_plain,17,37,17.3125
GP_plain,17,38,18.375
GP_plain,17,39,19.0
GP_plain,17,40,19.0
GP_plain,17,41,19.0
GP_plain,17,42,18.96875
GP_plain,17,43,18.90625
GP_plain,17,44,18.875
GP_plain,17,45,18.6875
GP_plain,17,46,18.09375
GP_plain,17,47,17.6875
GP_plain,17,48,17.53125
GP_plain,17,49,16.9375
GP_plain,17,50,17.0625
GP_plain,17,51,17.0625
GP_plain,17,52,17.0625
GP_plain,17,53,17.0625
GP_plain,17,54,17.0625
GP_plain,17,55,17.125
GP_plain,17,56,17.125
GP_plain,17,57,17.125
GP_plain,17,58,17.3125
GP_plain,17,59,17.4375
GP_plain,17,60,17.625
GP_plain,17,61,18.1875
GP_plain,17,62,19.3125
GP_plain,17,63,20.625
GP_plain,18,0,6.578125
GP_plain,18,1,7.171875
GP_plain,18,2,8.515625
GP_plain,18,3,12.4375
GP_plain,18,4,12.3125
GP_plain,18,5,21.421875
GP_plain,18,6,19.5
GP_plain,18,7,10.984375
GP_plain,18,8,10.78125
GP_plain,18,9,10.65625
GP_plain,18,10,10.390625
GP_plain,18,11,9.125
GP_plain,18,12,9.125
GP_plain,18,13,9.25
GP_plain,18,14,9.421875
GP_plain,18,15,9.78125
GP_plain,18,16,10.328125
GP_plain,18,17,11.765625
GP_plain,18,18,13.140625
GP_plain,18,19,13.421875
GP_plain,18,20,14.578125
GP_plain,18,21,16.0
GP_plain,18,22,18.109375
GP_plain,18,23,18.28125
GP_plain,18,24,18.3125
GP_plain,18,25,17.8125
GP_plain,18,26,16.359375
GP_plain,18,27,15.84375
GP_plain,18,28,15.84375
GP_plain,18,29,15.84375
GP_plain,18,30,15.84375
GP_plain,18,31,15.84375
GP_plain,18,32,15.84375
GP_plain,18,33,15.84375
GP_plain,18,34,15.84375
GP_plain,18,35,15.84375
GP_plain,18,36,15.84375
GP_plain,18,37,15.84375
GP_plain,18,38,15.84375
GP_plain,18,39,15.84375
GP_plain,18,40,15.84375
GP_plain,18,41,15.84375
GP_plain,18,42,15.84375
GP_plain,18,43,15.84375
GP_plain,18,44,15.84375
GP_plain,18,45,15.84375
GP_plain,18,46,15.84375
GP_plain,18,47,15.84375
GP_plain,18,48,15.84375
GP_plain,18,49,15.84375
GP_plain,18,50,15.84375
GP_plain,18,51,15.84375
GP_plain,18,52,15.84375
GP_plain,18,53,15.84375
GP_plain,18,54,15.8125
GP_plain,18,55,15.78125
GP_plain,18,56,15.75
GP_plain,18,57,15.8125
GP_plain,18,58,15.71875
GP_plain,18,59,15.59375
GP_plain,18,60,15.6875
GP_plain,18,61,15.5625
GP_plain,18,62,15.5625
GP_plain,18,63,15.5625
GP_plain,19,0,7.390625
GP_plain,19,1,7.1875
GP_plain,19,2,6.828125
GP_plain,19,3,8.421875
GP_plain,19,4,9.375
GP_plain,19,5,10.921875
GP_plain,19,6,13.125
GP_plain,19,7,7.859375
GP_plain,19,8,6.046875
GP_plain,19,9,5.03125
GP_plain,19,10,5.53125
GP_plain,19,11,6.453125
GP_plain,19,12,8.171875
GP_plain,19,13,10.984375
GP_plain,19,14,11.703125
GP_plain,19,15,11.96875
GP_plain,19,16,11.921875
GP_plain,19,17,11.90625
GP_plain,19,18,11.75
GP_plain,19,19,11.3125
GP_plain,19,20,11.265625
GP_plain,19,21,11.03125
GP_plain,19,22,10.109375
GP_plain,19,23,9.484375
GP_plain,19,24,8.78125
GP_plain,19,25,9.0
GP_plain,19,26,9.0
GP_plain,19,27,9.0
GP_plain,19,28,9.0
GP_plain,19,29,9.0
GP_plain,19,30,9.0
GP_plain,19,31,9.0
GP_plain,19,32,9.0
GP_plain,19,33,9.0
GP_plain,19,34,9.0
GP_plain,19,35,9.0
GP_plain,19,36,9.0
GP_plain,19,37,9.0
GP_plain,19,38,9.0
GP_plain,19,39,9.0
GP_plain,19,40,9.0
GP_plain,19,41,9.0
GP_plain,19,42,9.0
GP_plain,19,43,9.0
GP_plain,19,44,9.0
GP_plain,19,45,9.0
GP_plain,19,46,9.0
GP_plain,19,47,9.0
GP_plain,19,48,9.0
GP_plain,19,49,9.0
GP_plain,19,50,9.0
GP_plain,19,51,9.0
GP_plain,19,52,9.0
GP_plain,19,53,9.0
GP_plain,19,54,9.0
GP_plain,19,55,9.0
GP_plain,19,56,9.0
GP_plain,19,57,9.0
GP_plain,19,58,9.0
GP_plain,19,59,9.0
GP_plain,19,60,9.0
GP_plain,19,61,9.0
GP_plain,19,62,9.0
GP_plain,19,63,9.0
GP_plain,20,0,7.859375
GP_plain,20,1,6.0625
GP_plain,20,2,6.0
GP_plain,20,3,6.6875
GP_plain,20,4,5.59375
GP_plain,20,5,4.171875
GP_plain,20,6,4.640625
GP_plain,20,7,5.0
GP_plain,20,8,5.0
GP_plain,20,9,5.0
GP_plain,20,10,5.0
GP_plain,20,11,5.0
GP_plain,20,12,5.0
GP_plain,20,13,5.0
GP_plain,20,14,5.0
GP_plain,20,15,5.0
GP_plain,20,16,5.0
GP_plain,20,17,5.0
GP_plain,20,18,5.0
GP_plain,20,19,5.0
GP_plain,20,20,5.0
GP_plain,20,21,5.0
GP_plain,20,22,5.0
GP_plain,20,23,5.0
GP_plain,20,24,5.0
GP_plain,20,25,5.0
GP_plain,20,26,5.0
GP_plain,20,27,5.0
GP_plain,20,28,5.0
GP_plain,20,29,5.0
GP_plain,20,30,5.0
GP_plain,20,31,5.0
GP_plain,20,32,5.0
GP_plain,20,33,5.0
GP_plain,20,34,5.0
GP_plain,20,35,5.0
GP_plain,20,36,5.0
GP_plain,20,37,5.0
GP_plain,20,38,5.0
GP_plain,20,39,5.0
GP_plain,20,40,5.0
GP_plain,20,41,5.0
GP_plain,20,42,5.0
GP_plain,20,43,5.0
GP_plain,20,44,5.0
GP_plain,20,45,5.0
GP_plain,20,46,5.0
GP_plain,20,47,5.0
GP_plain,20,48,5.0
GP_plain,20,49,5.0
GP_plain,20,50,5.0
GP_plain,20,51,5.0
GP_plain,20,52,5.0
GP_plain,20,53,5.0
GP_plain,20,54,5.0
GP_plain,20,55,5.0
GP_plain,20,56,5.0
GP_plain,20,57,5.0
GP_plain,20,58,5.0
GP_plain,20,59,5.0
GP_plain,20,60,5.0
GP_plain,20,61,5.0
GP_plain,20,62,5.0
GP_plain,20,63,5.0
GP_plain,21,0,6.5
GP_plain,21,1,5.9375
GP_plain,21,2,6.625
GP_plain,21,3,7.453125
GP_plain,21,4,8.703125
GP_plain,21,5,9.265625
GP_plain,21,6,9.703125
GP_plain,21,7,9.0
GP_plain,21,8,9.96875
GP_plain,21,9,11.984375
GP_plain,21,10,12.640625
GP_plain,21,11,15.0625
GP_plain,21,12,14.03125
GP_plain,21,13,12.765625
GP_plain,21,14,11.203125
GP_plain,21,15,10.015625
GP_plain,21,16,10.0
GP_plain,21,17,10.0
GP_plain,21,18,10.0
GP_plain,21,19,10.0
GP_plain,21,20,10.0
GP_plain,21,21,10.0
GP_plain,21,22,10.0
GP_plain,21,23,10.0625
GP_plain,21,24,10.125
GP_plain,21,25,10.1875
GP_plain,21,26,10.53125
GP_plain,21,27,11.3125
GP_plain,21,28,12.125
GP_plain,21,29,13.53125
GP_plain,21,30,14.828125
GP_plain,21,31,14.359375
GP_plain,21,32,14.25
GP_plain,21,33,14.5625
GP_plain,21,34,14.90625
GP_plain,21,35,15.53125
GP_plain,21,36,15.96875
GP_plain,21,37,15.9375
GP_plain,21,38,15.828125
GP_plain,21,39,15.5625
GP_plain,21,40,15.21875
GP_plain,21,41,14.65625
GP_plain,21,42,14.125
GP_plain,21,43,14.140625
GP_plain,21,44,14.28125
GP_plain,21,45,14.421875
GP_plain,21,46,14.5625
GP_plain,21,47,15.40625
GP_plain,21,48,16.25
GP_plain,21,49,17.9375
GP_plain,21,50,20.609375
GP_plain,21,51,23.0
GP_plain,21,52,22.96875
GP_plain,21,53,22.96875
GP_plain,21,54,22.90625
GP_plain,21,55,22.75
GP_plain,21,56,22.59375
GP_plain,21,57,22.21875
GP_plain,21,58,21.6875
GP_plain,21,59,21.328125
GP_plain,21,60,21.171875
GP_plain,21,61,21.46875
GP_plain,21,62,21.75
GP_plain,21,63,22.265625
GP_plain,22,0,6.59375
GP_plain,22,1,8.125
GP_plain,22,2,9.53125
GP_plain,22,3,11.171875
GP_plain,22,4,13.71875
GP_plain,22,5,9.65625
GP_plain,22,6,9.703125
GP_plain,22,7,9.125
GP_plain,22,8,9.796875
GP_plain,22,9,10.828125
GP_plain,22,10,11.890625
GP_plain,22,11,14.375
GP_plain,22,12,17.4375
GP_plain,22,13,19.015625
GP_plain,22,14,19.03125
GP_plain,22,15,19.0625
GP_plain,22,16,19.109375
GP_plain,22,17,19.1875
GP_plain,22,18,19.25
GP_plain,22,19,19.34375
GP_plain,22,20,19.296875
GP_plain,22,21,19.15625
GP_plain,22,22,19.21875
GP_plain,22,23,19.453125
GP_plain,22,24,19.6875
GP_plain,22,25,20.15625
GP_plain,22,26,20.765625
GP_plain,22,27,22.3125
GP_plain,22,28,24.265625
GP_plain,22,29,25.0
GP_plain,22,30,25.0
GP_plain,22,31,25.0
GP_plain,22,32,25.0
GP_plain,22,33,25.0
GP_plain,22,34,25.0
GP_plain,22,35,25.0
GP_plain,22,36,25.0
GP_plain,22,37,25.0
GP_plain,22,38,25.0
GP_plain,22,39,25.0
GP_plain,22,40,25.0
GP_plain,22,41,25.0
GP_plain,22,42,25.0
GP_plain,22,43,24.984375
GP_plain,22,44,24.953125
GP_plain,22,45,24.890625
GP_plain,22,46,24.734375
GP_plain,22,47,24.59375
GP_plain,22,48,24.328125
GP_plain,22,49,24.0
GP_plain,22,50,24.0
GP_plain,22,51,24.015625
GP_plain,22,52,24.046875
GP_plain,22,53,24.109375
GP_plain,22,54,24.28125
GP_plain,22,55,24.640625
GP_plain,22,56,25.140625
GP_plain,22,57,25.625
GP_plain,22,58,26.125
GP_plain,22,59,27.109375
GP_plain,22,60,28.1875
GP_plain,22,61,27.75
GP_plain,22,62,26.625
GP_plain,22,63,25.5
GP_plain,23,0,6.359375
GP_plain,23,1,5.921875
GP_plain,23,2,3.03125
GP_plain,23,3,1.609375
GP_plain,23,4,1.8125
GP_plain,23,5,2.40625
GP_plain,23,6,3.25
GP_plain,23,7,3.6875
GP_plain,23,8,3.03125
GP_plain,23,9,3.03125
GP_plain,23,10,3.125
GP_plain,23,11,3.3125
GP_plain,23,12,3.75
GP_plain,23,13,4.53125
GP_plain,23,14,5.28125
GP_plain,23,15,6.28125
GP_plain,23,16,6.96875
GP_plain,23,17,7.84375
GP_plain,23,18,8.65625
GP_plain,23,19,8.5
GP_plain,23,20,8.46875
GP_plain,23,21,8.375
GP_plain,23,22,8.0625
GP_plain,23,23,8.53125
GP_plain,23,24,9.15625
GP_plain,23,25,10.375
GP_plain,23,26,11.9375
GP_plain,23,27,13.8125
GP_plain,23,28,15.0625
GP_plain,23,29,15.0625
GP_plain,23,30,15.0625
GP_plain,23,31,15.0625
GP_plain,23,32,15.0625
GP_plain,23,33,15.0625
GP_plain,23,34,15.0625
GP_plain,23,35,15.0625
GP_plain,23,36,15.0625
GP_plain,23,37,15.0625
GP_plain,23,38,15.0625
GP_plain,23,39,15.0625
GP_plain,23,40,15.0625
GP_plain,23,41,15.0625
GP_plain,23,42,15.0625
GP_plain,23,43,15.0625
GP_plain,23,44,15.0625
GP_plain,23,45,15.0625
GP_plain,23,46,15.0625
GP_plain,23,47,15.0625
GP_plain,23,48,15.0625
GP_plain,23,49,15.0625
GP_plain,23,50,15.0625
GP_plain,23,51,15.0625
GP_plain,23,52,15.0625
GP_plain,23,53,15.0625
GP_plain,23,54,15.0625
GP_plain,23,55,15.0625
GP_plain,23,56,15.0625
GP_plain,23,57,15.0625
GP_plain,23,58,15.0625
GP_plain,23,59,15.0625
GP_plain,23,60,15.0625
GP_plain,23,61,15.0625
GP_plain,23,62,15.0625
GP_plain,23,63,15.0625
GP_plain,24,0,6.890625
GP_plain,24,1,7.265625
GP_plain,24,2,7.484375
GP_plain,24,3,7.25
GP_plain,24,4,5.546875
GP_plain,24,5,3.8125
GP_plain,24,6,3.9375
GP_plain,24,7,4.0625
GP_plain,24,8,4.375
GP_plain,24,9,4.9375
GP_plain,24,10,5.625
GP_plain,24,11,6.8125
GP_plain,24,12,7.71875
GP_plain,24,13,8.40625
GP_plain,24,14,9.34375
GP_plain,24,15,10.5
GP_plain,24,16,11.25
GP_plain,24,17,11.0
GP_plain,24,18,11.0
GP_plain,24,19,11.0
GP_plain,24,20,11.0
GP_plain,24,21,11.0
GP_plain,24,22,11.0
GP_plain,24,23,11.0
GP_plain,24,24,11.0
GP_plain,24,25,11.0
GP_plain,24,26,10.96875
GP_plain,24,27,10.84375
GP_plain,24,28,10.71875
GP_plain,24,29,10.46875
GP_plain,24,30,10.125
GP_plain,24,31,9.8125
GP_plain,24,32,9.40625
GP_plain,24,33,9.0
GP_plain,24,34,9.0
GP_plain,24,35,9.015625
GP_plain,24,36,9.03125
GP_plain,24,37,9.109375
GP_plain,24,38,9.296875
GP_plain,24,39,9.53125
GP_plain,24,40,9.875
GP_plain,24,41,10.359375
GP_plain,24,42,10.875
GP_plain,24,43,11.25
GP_plain,24,44,11.8125
GP_plain,24,45,12.0625
GP_plain,24,46,12.0
GP_plain,24,47,12.0
GP_plain,24,48,12.0
GP_plain,24,49,12.0
GP_plain,24,50,12.0
GP_plain,24,51,12.0
GP_plain,24,52,12.0
GP_plain,24,53,12.0
GP_plain,24,54,12.0
GP_plain,24,55,12.0
GP_plain,24,56,12.0
GP_plain,24,57,12.0
GP_plain,24,58,12.0
GP_plain,24,59,12.0
GP_plain,24,60,12.0
GP_plain,24,61,12.0
GP_plain,24,62,12.0
GP_plain,24,63,12.0
GP_plain,25,0,6.625
GP_plain,25,1,6.203125
GP_plain,25,2,7.265625
GP_plain,25,3,6.59375
GP_plain,25,4,8.515625
GP_plain,25,5,7.78125
GP_plain,25,6,6.890625
GP_plain,25,7,4.0625
GP_plain,25,8,3.28125
GP_plain,25,9,3.65625
GP_plain,25,10,3.9375
GP_plain,25,11,5.125
GP_plain,25,12,6.0
GP_plain,25,13,8.375
GP_plain,25,14,9.375
GP_plain,25,15,9.5625
GP_plain,25,16,9.84375
GP_plain,25,17,10.0
GP_plain,25,18,9.6875
GP_plain,25,19,9.28125
GP_plain,25,20,9.0
GP_plain,25,21,9.0
GP_plain,25,22,9.0
GP_plain,25,23,9.0
GP_plain,25,24,9.0
GP_plain,25,25,9.0
GP_plain,25,26,9.0
GP_plain,25,27,9.0
GP_plain,25,28,9.0
GP_plain,25,29,9.0
GP_plain,25,30,9.0
GP_plain,25,31,9.0
GP_plain,25,32,9.0
GP_plain,25,33,9.0
GP_plain,25,34,9.0
GP_plain,25,35,9.0
GP_plain,25,36,9.0
GP_plain,25,37,9.0
GP_plain,25,38,9.09375
GP_plain,25,39,9.1875
GP_plain,25,40,9.1875
GP_plain,25,41,9.65625
GP_plain,25,42,10.40625
GP_plain,25,43,11.53125
GP_plain,25,44,13.15625
GP_plain,25,45,15.09375
GP_plain,25,46,15.03125
GP_plain,25,47,15.078125
GP_plain,25,48,15.125
GP_plain,25,49,15.375
GP_plain,25,50,15.84375
GP_plain,25,51,16.515625
GP_plain,25,52,17.0
GP_plain,25,53,17.0
GP_plain,25,54,17.0
GP_plain,25,55,17.0
GP_plain,25,56,17.0
GP_plain,25,57,17.0
GP_plain,25,58,17.0
GP_plain,25,59,17.0
GP_plain,25,60,17.0
GP_plain,25,61,17.0
GP_plain,25,62,17.0
GP_plain,25,63,17.0
GP_plain,26,0,6.765625
GP_plain,26,1,7.109375
GP_plain,26,2,7.65625
GP_plain,26,3,5.59375
GP_plain,26,4,5.078125
GP_plain,26,5,5.546875
GP_plain,26,6,5.4375
GP_plain,26,7,5.4375
GP_plain,26,8,5.515625
GP_plain,26,9,5.8125
GP_plain,26,10,6.140625
GP_plain,26,11,6.90625
GP_plain,26,12,8.09375
GP_plain,26,13,9.703125
GP_plain,26,14,10.046875
GP_plain,26,15,10.125
GP_plain,26,16,10.265625
GP_plain,26,17,10.4375
GP_plain,26,18,11.03125
GP_plain,26,19,12.296875
GP_plain,26,20,13.265625
GP_plain,26,21,13.375
GP_plain,26,22,13.375
GP_plain,26,23,13.375
GP_plain,26,24,13.375
GP_plain,26,25,13.375
GP_plain,26,26,13.375
GP_plain,26,27,13.375
GP_plain,26,28,13.375
GP_plain,26,29,13.375
GP_plain,26,30,13.375
GP_plain,26,31,13.4375
GP_plain,26,32,13.4375
GP_plain,26,33,13.453125
GP_plain,26,34,13.65625
GP_plain,26,35,14.03125
GP_plain,26,36,14.609375
GP_plain,26,37,15.671875
GP_plain,26,38,15.734375
GP_plain,26,39,14.921875
GP_plain,26,40,13.96875
GP_plain,26,41,14.015625
GP_plain,26,42,14.015625
GP_plain,26,43,14.046875
GP_plain,26,44,14.09375
GP_plain,26,45,14.3125
GP_plain,26,46,14.53125
GP_plain,26,47,14.8125
GP_plain,26,48,15.125
GP_plain,26,49,15.125
GP_plain,26,50,15.125
GP_plain,26,51,15.125
GP_plain,26,52,15.125
GP_plain,26,53,15.125
GP_plain,26,54,15.125
GP_plain,26,55,15.125
GP_plain,26,56,15.125
GP_plain,26,57,15.125
GP_plain,26,58,15.125
GP_plain,26,59,15.125
GP_plain,26,60,15.125
GP_plain,26,61,15.125
GP_plain,26,62,15.125
GP_plain,26,63,15.125
GP_plain,27,0,7.453125
GP_plain,27,1,8.171875
GP_plain,27,2,8.15625
GP_plain,27,3,7.90625
GP_plain,27,4,6.859375
GP_plain,27,5,5.71875
GP_plain,27,6,5.3125
GP_plain,27,7,5.78125
GP_plain,27,8,6.0625
GP_plain,27,9,6.96875
GP_plain,27,10,8.125
GP_plain,27,11,9.5625
GP_plain,27,12,10.78125
GP_plain,27,13,11.28125
GP_plain,27,14,11.34375
GP_plain,27,15,11.46875
GP_plain,27,16,11.90625
GP_plain,27,17,12.390625
GP_plain,27,18,12.84375
GP_plain,27,19,13.140625
GP_plain,27,20,13.328125
GP_plain,27,21,13.65625
GP_plain,27,22,14.265625
GP_plain,27,23,15.125
GP_plain,27,24,16.015625
GP_plain,27,25,16.0
GP_plain,27,26,16.0
GP_plain,27,27,16.0
GP_plain,27,28,16.0
GP_plain,27,29,16.0
GP_plain,27,30,16.0
GP_plain,27,31,16.0
GP_plain,27,32,16.0
GP_plain,27,33,16.0
GP_plain,27,34,16.0
GP_plain,27,35,16.0
GP_plain,27,36,16.0
GP_plain,27,37,16.0
GP_plain,27,38,16.0
GP_plain,27,39,16.0
GP_plain,27,40,16.0
GP_plain,27,41,16.0
GP_plain,27,42,16.0
GP_plain,27,43,16.0
GP_plain,27,44,16.0
GP_plain,27,45,16.0
GP_plain,27,46,16.0
GP_plain,27,47,16.0
GP_plain,27,48,16.0
GP_plain,27,49,16.0
GP_plain,27,50,16.0
GP_plain,27,51,16.0
GP_plain,27,52,16.0
GP_plain,27,53,16.0
GP_plain,27,54,16.0
GP_plain,27,55,16.0
GP_plain,27,56,16.0
GP_plain,27,57,16.0
GP_plain,27,58,16.0
GP_plain,27,59,16.0
GP_plain,27,60,16.0
GP_plain,27,61,16.0
GP_plain,27,62,16.0
GP_plain,27,63,16.0
GP_plain,28,0,6.625
GP_plain,28,1,6.21875
GP_plain,28,2,6.328125
GP_plain,28,3,5.609375
GP_plain,28,4,5.796875
GP_plain,28,5,5.125
GP_plain,28,6,3.859375
GP_plain,28,7,3.0
GP_plain,28,8,3.0
GP_plain,28,9,3.0
GP_plain,28,10,3.0
GP_plain,28,11,3.0
GP_plain,28,12,3.0
GP_plain,28,13,3.0
GP_plain,28,14,3.0
GP_plain,28,15,3.0
GP_plain,28,16,3.0
GP_plain,28,17,3.0
GP_plain,28,18,3.0
GP_plain,28,19,3.0
GP_plain,28,20,3.0
GP_plain,28,21,3.0
GP_plain,28,22,3.0
GP_plain,28,23,3.0
GP_plain,28,24,3.0
GP_plain,28,25,3.0
GP_plain,28,26,3.0
GP_plain,28,27,3.0
GP_plain,28,28,3.0
GP_plain,28,29,3.0
GP_plain,28,30,3.0
GP_plain,28,31,3.0
GP_plain,28,32,3.0
GP_plain,28,33,3.0
GP_plain,28,34,3.0
GP_plain,28,35,3.0
GP_plain,28,36,3.03125
GP_plain,28,37,3.03125
GP_plain,28,38,3.15625
GP_plain,28,39,3.25
GP_plain,28,40,3.625
GP_plain,28,41,4.40625
GP_plain,28,42,5.0
GP_plain,28,43,5.09375
GP_plain,28,44,5.25
GP_plain,28,45,5.5
GP_plain,28,46,6.0
GP_plain,28,47,6.5
GP_plain,28,48,7.1875
GP_plain,28,49,7.3125
GP_plain,28,50,7.4375
GP_plain,28,51,7.6875
GP_plain,28,52,8.28125
GP_plain,28,53,9.03125
GP_plain,28,54,10.609375
GP_plain,28,55,11.90625
GP_plain,28,56,13.234375
GP_plain,28,57,15.484375
GP_plain,28,58,18.8125
GP_plain,28,59,20.890625
GP_plain,28,60,21.625
GP_plain,28,61,21.4375
GP_plain,28,62,22.0
GP_plain,28,63,22.0
GP_plain,29,0,6.46875
GP_plain,29,1,6.671875
GP_plain,29,2,6.5625
GP_plain,29,3,6.875
GP_plain,29,4,7.875
GP_plain,29,5,6.421875
GP_plain,29,6,5.484375
GP_plain,29,7,4.28125
GP_plain,29,8,4.125
GP_plain,29,9,4.625
GP_plain,29,10,5.3125
GP_plain,29,11,6.5
GP_plain,29,12,7.65625
GP_plain,29,13,9.03125
GP_plain,29,14,9.1875
GP_plain,29,15,9.375
GP_plain,29,16,9.859375
GP_plain,29,17,9.875
GP_plain,29,18,11.1875
GP_plain,29,19,11.34375
GP_plain,29,20,11.625
GP_plain,29,21,12.125
GP_plain,29,22,12.8125
GP_plain,29,23,13.0
GP_plain,29,24,13.0
GP_plain,29,25,13.0
GP_plain,29,26,13.0
GP_plain,29,27,13.0
GP_plain,29,28,13.0625
GP_plain,29,29,13.125
GP_plain,29,30,13.3125
GP_plain,29,31,13.6875
GP_plain,29,32,14.0625
GP_plain,29,33,14.875
GP_plain,29,34,16.25
GP_plain,29,35,16.8125
GP_plain,29,36,16.8125
GP_plain,29,37,16.8125
GP_plain,29,38,16.8125
GP_plain,29,39,16.9375
GP_plain,29,40,16.9375
GP_plain,29,41,16.9375
GP_plain,29,42,16.9375
GP_plain,29,43,17.0
GP_plain,29,44,17.1875
GP_plain,29,45,17.1875
GP_plain,29,46,17.1875
GP_plain,29,47,17.1875
GP_plain,29,48,17.1875
GP_plain,29,49,17.1875
GP_plain,29,50,17.1875
GP_plain,29,51,17.1875
GP_plain,29,52,17.1875
GP_plain,29,53,17.1875
GP_plain,29,54,17.1875
GP_plain,29,55,17.1875
GP_plain,29,56,17.1875
GP_plain,29,57,17.1875
GP_plain,29,58,17.1875
GP_plain,29,59,17.1875
GP_plain,29,60,17.1875
GP_plain,29,61,17.1875
GP_plain,29,62,17.1875
GP_plain,29,63,17.1875
GP_parsimony,0,0,6.890625
GP_parsimony,0,1,8.484375
GP_parsimony,0,2,8.1875
GP_parsimony,0,3,6.6875
GP_parsimony,0,4,5.9375
GP_parsimony,0,5,5.296875
GP_parsimony,0,6,4.484375
GP_parsimony,0,7,3.125
GP_parsimony,0,8,3.125
GP_parsimony,0,9,3.1875
GP_parsimony,0,10,3.3125
GP_parsimony,0,11,3.375
GP_parsimony,0,12,3.6875
GP_parsimony,0,13,4.0625
GP_parsimony,0,14,5.1875
GP_parsimony,0,15,6.375
GP_parsimony,0,16,7.4375
GP_parsimony,0,17,7.9375
GP_parsimony,0,18,8.4375
GP_parsimony,0,19,8.875
GP_parsimony,0,20,9.625
GP_parsimony,0,21,9.6875
GP_parsimony,0,22,8.9375
GP_parsimony,0,23,7.0
GP_parsimony,0,24,7.0
GP_parsimony,0,25,7.0
GP_parsimony,0,26,7.0
GP_parsimony,0,27,7.0
GP_parsimony,0,28,7.0
GP_parsimony,0,29,7.0
GP_parsimony,0,30,7.0
GP_parsimony,0,31,7.0
GP_parsimony,0,32,7.0
GP_parsimony,0,33,7.0
GP_parsimony,0,34,7.0
GP_parsimony,0,35,7.0
GP_parsimony,0,36,7.0
GP_parsimony,0,37,7.0
GP_parsimony,0,38,7.0
GP_parsimony,0,39,7.0
GP_parsimony,0,40,7.0
GP_parsimony,0,41,7.0
GP_parsimony,0,42,7.0
GP_parsimony,0,43,7.0
GP_parsimony,0,44,7.0
GP_parsimony,0,45,7.0
GP_parsimony,0,46,7.0
GP_parsimony,0,47,7.0
GP_parsimony,0,48,7.0
GP_parsimony,0,49,7.0
GP_parsimony,0,50,7.0
GP_parsimony,0,51,7.0
GP_parsimony,0,52,7.0
GP_parsimony,0,53,7.0
GP_parsimony,0,54,7.0
GP_parsimony,0,55,7.0
GP_parsimony,0,56,7.0
GP_parsimony,0,57,7.0
GP_parsimony,0,58,7.0
GP_parsimony,0,59,7.0
GP_parsimony,0,60,7.0
GP_parsimony,0,61,7.0
GP_parsimony,0,62,7.0
GP_parsimony,0,63,7.0
GP_parsimony,1,0,6.078125
GP_parsimony,1,1,6.265625
GP_parsimony,1,2,5.765625
GP_parsimony,1,3,7.46875
GP_parsimony,1,4,8.625
GP_parsimony,1,5,8.4375
GP_parsimony,1,6,8.625
GP_parsimony,1,7,8.421875
GP_parsimony,1,8,6.15625
GP_parsimony,1,9,3.5625
GP_parsimony,1,10,3.0
GP_parsimony,1,11,3.0
GP_parsimony,1,12,3.0
GP_parsimony,1,13,3.0
GP_parsimony,1,14,3.0
GP_parsimony,1,15,3.0
GP_parsimony,1,16,3.0
GP_parsimony,1,17,3.0
GP_parsimony,1,18,3.0
GP_parsimony,1,19,3.0
GP_parsimony,1,20,3.0
GP_parsimony,1,21,3.0
GP_parsimony,1,22,3.0
GP_parsimony,1,23,3.0
GP_parsimony,1,24,3.0
GP_parsimony,1,25,3.0
GP_parsimony,1,26,3.0
GP_parsimony,1,27,3.0
GP_parsimony,1,28,3.0
GP_parsimony,1,29,3.0
GP_parsimony,1,30,3.0
GP_parsimony,1,31,3.0
GP_parsimony,1,32,3.0
GP_parsimony,1,33,3.0
GP_parsimony,1,34,3.0
GP_parsimony,1,35,3.0
GP_parsimony,1,36,3.0
GP_parsimony,1,37,3.0
GP_parsimony,1,38,3.0
GP_parsimony,1,39,3.0
GP_parsimony,1,40,3.0
GP_parsimony,1,41,3.0
GP_parsimony,1,42,3.0
GP_parsimony,1,43,3.0
GP_parsimony,1,44,3.078125
GP_parsimony,1,45,3.15625
GP_parsimony,1,46,3.234375
GP_parsimony,1,47,3.46875
GP_parsimony,1,48,3.703125
GP_parsimony,1,49,4.328125
GP_parsimony,1,50,5.34375
GP_parsimony,1,51,6.828125
GP_parsimony,1,52,8.0
GP_parsimony,1,53,8.0
GP_parsimony,1,54,7.984375
GP_parsimony,1,55,7.96875
GP_parsimony,1,56,8.046875
GP_parsimony,1,57,8.234375
GP_parsimony,1,58,8.46875
GP_parsimony,1,59,8.78125
GP_parsimony,1,60,9.484375
GP_parsimony,1,61,10.953125
GP_parsimony,1,62,12.453125
GP_parsimony,1,63,13.28125
GP_parsimony,2,0,6.3125
GP_parsimony,2,1,6.28125
GP_parsimony,2,2,6.28125
GP_parsimony,2,3,6.015625
GP_parsimony,2,4,9.28125
GP_parsimony,2,5,12.015625
GP_parsimony,2,6,12.0625
GP_parsimony,2,7,10.015625
GP_parsimony,2,8,8.921875
GP_parsimony,2,9,4.5
GP_parsimony,2,10,3.0
GP_parsimony,2,11,3.0
GP_parsimony,2,12,3.0
GP_parsimony,2,13,3.0
GP_parsimony,2,14,3.0
GP_parsimony,2,15,3.0
GP_parsimony,2,16,3.046875
GP_parsimony,2,17,3.1875
GP_parsimony,2,18,3.484375
GP_parsimony,2,19,3.890625
GP_parsimony,2,20,4.921875
GP_parsimony,2,21,6.3125
GP_parsimony,2,22,6.171875
GP_parsimony,2,23,5.796875
GP_parsimony,2,24,5.65625
GP_parsimony,2,25,5.453125
GP_parsimony,2,26,5.046875
GP_parsimony,2,27,5.0
GP_parsimony,2,28,5.0
GP_parsimony,2,29,5.0
GP_parsimony,2,30,5.0
GP_parsimony,2,31,5.0
GP_parsimony,2,32,5.0
GP_parsimony,2,33,5.0
GP_parsimony,2,34,5.0
GP_parsimony,2,35,5.0
GP_parsimony,2,36,5.0
GP_parsimony,2,37,5.0
GP_parsimony,2,38,5.0
GP_parsimony,2,39,5.0
GP_parsimony,2,40,5.0
GP_parsimony,2,41,5.0
GP_parsimony,2,42,5.0
GP_parsimony,2,43,5.0
GP_parsimony,2,44,5.0
GP_parsimony,2,45,5.0
GP_parsimony,2,46,5.0
GP_parsimony,2,47,5.0
GP_parsimony,2,48,5.0
GP_parsimony,2,49,5.0
GP_parsimony,2,50,5.0
GP_parsimony,2,51,5.0
GP_parsimony,2,52,5.0
GP_parsimony,2,53,5.0
GP_parsimony,2,54,5.0
GP_parsimony,2,55,5.0
GP_parsimony,2,56,5.0
GP_parsimony,2,57,5.0
GP_parsimony,2,58,5.0
GP_parsimony,2,59,5.0
GP_parsimony,2,60,5.0
GP_parsimony,2,61,5.0
GP_parsimony,2,62,5.0
GP_parsimony,2,63,5.0
GP_parsimony,3,0,6.671875
GP_parsimony,3,1,8.5
GP_parsimony,3,2,6.75
GP_parsimony,3,3,6.40625
GP_parsimony,3,4,7.046875
GP_parsimony,3,5,7.46875
GP_parsimony,3,6,7.671875
GP_parsimony,3,7,8.640625
GP_parsimony,3,8,10.796875
GP_parsimony,3,9,11.109375
GP_parsimony,3,10,11.96875
GP_parsimony,3,11,12.109375
GP_parsimony,3,12,12.15625
GP_parsimony,3,13,12.875
GP_parsimony,3,14,14.71875
GP_parsimony,3,15,17.625
GP_parsimony,3,16,19.09375
GP_parsimony,3,17,19.328125
GP_parsimony,3,18,18.765625
GP_parsimony,3,19,18.875
GP_parsimony,3,20,18.75
GP_parsimony,3,21,18.46875
GP_parsimony,3,22,17.625
GP_parsimony,3,23,16.5625
GP_parsimony,3,24,15.9375
GP_parsimony,3,25,14.875
GP_parsimony,3,26,13.8125
GP_parsimony,3,27,13.375
GP_parsimony,3,28,12.84375
GP_parsimony,3,29,12.234375
GP_parsimony,3,30,12.65625
GP_parsimony,3,31,12.9375
GP_parsimony,3,32,14.703125
GP_parsimony,3,33,18.171875
GP_parsimony,3,34,21.90625
GP_parsimony,3,35,21.359375
GP_parsimony,3,36,21.0
GP_parsimony,3,37,21.0
GP_parsimony,3,38,21.0
GP_parsimony,3,39,21.0
GP_parsimony,3,40,21.0
GP_parsimony,3,41,21.0
GP_parsimony,3,42,21.0
GP_parsimony,3,43,21.0
GP_parsimony,3,44,21.0
GP_parsimony,3,45,21.0
GP_parsimony,3,46,21.0
GP_parsimony,3,47,21.0
GP_parsimony,3,48,21.0
GP_parsimony,3,49,21.0
GP_parsimony,3,50,21.0
GP_parsimony,3,51,21.0
GP_parsimony,3,52,21.0
GP_parsimony,3,53,21.0
GP_parsimony,3,54,21.0
GP_parsimony,3,55,21.0
GP_parsimony,3,56,21.0
GP_parsimony,3,57,21.0
GP_parsimony,3,58,21.0
GP_parsimony,3,59,21.0
GP_parsimony,3,60,21.0
GP_parsimony,3,61,21.0
GP_parsimony,3,62,21.0
GP_parsimony,3,63,21.0
GP_parsimony,4,0,7.171875
GP_parsimony,4,1,5.8125
GP_parsimony,4,2,4.59375
GP_parsimony,4,3,3.859375
GP_parsimony,4,4,2.78125
GP_parsimony,4,5,2.59375
GP_parsimony,4,6,3.671875
GP_parsimony,4,7,6.53125
GP_parsimony,4,8,6.59375
GP_parsimony,4,9,8.078125
GP_parsimony,4,10,7.140625
GP_parsimony,4,11,7.328125
GP_parsimony,4,12,8.296875
GP_parsimony,4,13,6.6875
GP_parsimony,4,14,7.125
GP_parsimony,4,15,9.84375
GP_parsimony,4,16,12.234375
GP_parsimony,4,17,12.21875
GP_parsimony,4,18,11.8125
GP_parsimony,4,19,11.171875
GP_parsimony,4,20,11.609375
GP_parsimony,4,21,14.953125
GP_parsimony,4,22,14.96875
GP_parsimony,4,23,14.90625
GP_parsimony,4,24,14.765625
GP_parsimony,4,25,14.453125
GP_parsimony,4,26,14.140625
GP_parsimony,4,27,13.421875
GP_parsimony,4,28,13.171875
GP_parsimony,4,29,11.8125
GP_parsimony,4,30,10.796875
GP_parsimony,4,31,12.65625
GP_parsimony,4,32,15.375
GP_parsimony,4,33,16.84375
GP_parsimony,4,34,16.71875
GP_parsimony,4,35,14.921875
GP_parsimony,4,36,12.8125
GP_parsimony,4,37,11.25
GP_parsimony,4,38,10.0
GP_parsimony,4,39,10.0
GP_parsimony,4,40,10.0
GP_parsimony,4,41,10.0
GP_parsimony,4,42,10.0
GP_parsimony,4,43,10.0
GP_parsimony,4,44,10.0
GP_parsimony,4,45,10.0
GP_parsimony,4,46,10.0
GP_parsimony,4,47,10.0
GP_parsimony,4,48,10.0
GP_parsimony,4,49,10.0
GP_parsimony,4,50,10.0
GP_parsimony,4,51,10.0
GP_parsimony,4,52,10.0
GP_parsimony,4,53,10.0
GP_parsimony,4,54,10.0
GP_parsimony,4,55,10.0
GP_parsimony,4,56,10.0
GP_parsimony,4,57,10.0
GP_parsimony,4,58,10.0
GP_parsimony,4,59,10.0
GP_parsimony,4,60,10.0
GP_parsimony,4,61,10.0
GP_parsimony,4,62,10.0
GP_parsimony,4,63,10.0
GP_parsimony,5,0,6.953125
GP_parsimony,5,1,6.65625
GP_parsimony,5,2,6.203125
GP_parsimony,5,3,5.953125
GP_parsimony,5,4,6.96875
GP_parsimony,5,5,6.96875
GP_parsimony,5,6,4.484375
GP_parsimony,5,7,4.84375
GP_parsimony,5,8,6.28125
GP_parsimony,5,9,7.6875
GP_parsimony,5,10,7.59375
GP_parsimony,5,11,7.0
GP_parsimony,5,12,7.0
GP_parsimony,5,13,7.0
GP_parsimony,5,14,7.0
GP_parsimony,5,15,7.0
GP_parsimony,5,16,7.0
GP_parsimony,5,17,7.0
GP_parsimony,5,18,7.0
GP_parsimony,5,19,7.0
GP_parsimony,5,20,7.0
GP_parsimony,5,21,7.0
GP_parsimony,5,22,7.0
GP_parsimony,5,23,7.0
GP_parsimony,5,24,7.0
GP_parsimony,5,25,7.0
GP_parsimony,5,26,7.0
GP_parsimony,5,27,7.0
GP_parsimony,5,28,7.0
GP_parsimony,5,29,7.0
GP_parsimony,5,30,7.0
GP_parsimony,5,31,7.0
GP_parsimony,5,32,7.0
GP_parsimony,5,33,7.0
GP_parsimony,5,34,7.0
GP_parsimony,5,35,7.0
GP_parsimony,5,36,7.0
GP_parsimony,5,37,7.0
GP_parsimony,5,38,7.0
GP_parsimony,5,39,7.0
GP_parsimony,5,40,7.0
GP_parsimony,5,41,7.0
GP_parsimony,5,42,7.0
GP_parsimony,5,43,7.0
GP_parsimony,5,44,7.0
GP_parsimony,5,45,6.96875
GP_parsimony,5,46,6.9375
GP_parsimony,5,47,6.9375
GP_parsimony,5,48,6.90625
GP_parsimony,5,49,6.84375
GP_parsimony,5,50,6.8125
GP_parsimony,5,51,6.71875
GP_parsimony,5,52,6.53125
GP_parsimony,5,53,6.3125
GP_parsimony,5,54,5.8125
GP_parsimony,5,55,5.28125
GP_parsimony,5,56,5.0
GP_parsimony,5,57,5.0
GP_parsimony,5,58,5.0
GP_parsimony,5,59,5.0
GP_parsimony,5,60,5.0
GP_parsimony,5,61,5.0
GP_parsimony,5,62,5.0
GP_parsimony,5,63,5.0
GP_parsimony,6,0,8.046875
GP_parsimony,6,1,7.78125
GP_parsimony,6,2,6.4375
GP_parsimony,6,3,6.015625
GP_parsimony,6,4,6.296875
GP_parsimony,6,5,4.96875
GP_parsimony,6,6,3.0
GP_parsimony,6,7,3.0
GP_parsimony,6,8,3.0
GP_parsimony,6,9,3.0
GP_parsimony,6,10,3.0
GP_parsimony,6,11,3.0
GP_parsimony,6,12,3.0
GP_parsimony,6,13,3.0
GP_parsimony,6,14,3.0
GP_parsimony,6,15,3.0
GP_parsimony,6,16,3.0
GP_parsimony,6,17,3.0
GP_parsimony,6,18,3.0
GP_parsimony,6,19,3.0625
GP_parsimony,6,20,3.0625
GP_parsimony,6,21,3.0625
GP_parsimony,6,22,3.1875
GP_parsimony,6,23,3.1875
GP_parsimony,6,24,3.4375
GP_parsimony,6,25,3.9375
GP_parsimony,6,26,4.71875
GP_parsimony,6,27,6.28125
GP_parsimony,6,28,7.4375
GP_parsimony,6,29,7.75
GP_parsimony,6,30,8.25
GP_parsimony,6,31,9.640625
GP_parsimony,6,32,11.203125
GP_parsimony,6,33,12.125
GP_parsimony,6,34,11.25
GP_parsimony,6,35,9.5625
GP_parsimony,6,36,9.0
GP_parsimony,6,37,9.0
GP_parsimony,6,38,9.0
GP_parsimony,6,39,9.0
GP_parsimony,6,40,9.0
GP_parsimony,6,41,9.0
GP_parsimony,6,42,9.0
GP_parsimony,6,43,9.0
GP_parsimony,6,44,9.0
GP_parsimony,6,45,9.0
GP_parsimony,6,46,9.0
GP_parsimony,6,47,9.0
GP_parsimony,6,48,9.0
GP_parsimony,6,49,9.0
GP_parsimony,6,50,9.0
GP_parsimony,6,51,9.0
GP_parsimony,6,52,9.0
GP_parsimony,6,53,9.0
GP_parsimony,6,54,9.0
GP_parsimony,6,55,9.0
GP_parsimony,6,56,9.0
GP_parsimony,6,57,9.0
GP_parsimony,6,58,9.0
GP_parsimony,6,59,9.0
GP_parsimony,6,60,9.0
GP_parsimony,6,61,9.0
GP_parsimony,6,62,9.0
GP_parsimony,6,63,9.0
GP_parsimony,7,0,6.4375
GP_parsimony,7,1,7.421875
GP_parsimony,7,2,5.125
GP_parsimony,7,3,5.140625
GP_parsimony,7,4,3.84375
GP_parsimony,7,5,3.890625
GP_parsimony,7,6,3.078125
GP_parsimony,7,7,3.0
GP_parsimony,7,8,3.0
GP_parsimony,7,9,3.0
GP_parsimony,7,10,3.0
GP_parsimony,7,11,3.0
GP_parsimony,7,12,3.078125
GP_parsimony,7,13,3.1875
GP_parsimony,7,14,3.421875
GP_parsimony,7,15,3.890625
GP_parsimony,7,16,4.46875
GP_parsimony,7,17,5.5625
GP_parsimony,7,18,6.78125
GP_parsimony,7,19,7.203125
GP_parsimony,7,20,6.546875
GP_parsimony,7,21,5.75
GP_parsimony,7,22,5.0
GP_parsimony,7,23,5.0
GP_parsimony,7,24,5.0
GP_parsimony,7,25,5.0
GP_parsimony,7,26,5.0
GP_parsimony,7,27,5.0
GP_parsimony,7,28,5.0
GP_parsimony,7,29,5.0
GP_parsimony,7,30,5.0
GP_parsimony,7,31,5.0
GP_parsimony,7,32,5.0
GP_parsimony,7,33,5.0
GP_parsimony,7,34,5.0
GP_parsimony,7,35,5.0
GP_parsimony,7,36,5.046875
GP_parsimony,7,37,5.09375
GP_parsimony,7,38,5.1875
GP_parsimony,7,39,5.28125
GP_parsimony,7,40,5.515625
GP_parsimony,7,41,6.125
GP_parsimony,7,42,6.59375
GP_parsimony,7,43,7.359375
GP_parsimony,7,44,8.015625
GP_parsimony,7,45,7.984375
GP_parsimony,7,46,7.953125
GP_parsimony,7,47,7.90625
GP_parsimony,7,48,7.78125
GP_parsimony,7,49,7.6875
GP_parsimony,7,50,7.484375
GP_parsimony,7,51,7.21875
GP_parsimony,7,52,7.0
GP_parsimony,7,53,7.0
GP_parsimony,7,54,7.0
GP_parsimony,7,55,7.0
GP_parsimony,7,56,7.0
GP_parsimony,7,57,7.0
GP_parsimony,7,58,7.0
GP_parsimony,7,59,7.0
GP_parsimony,7,60,7.0
GP_parsimony,7,61,7.0
GP_parsimony,7,62,7.0
GP_parsimony,7,63,7.0
GP_parsimony,8,0,7.25
GP_parsimony,8,1,6.703125
GP_parsimony,8,2,6.984375
GP_parsimony,8,3,5.25
GP_parsimony,8,4,2.4375
GP_parsimony,8,5,3.1875
GP_parsimony,8,6,3.0
GP_parsimony,8,7,3.0
GP_parsimony,8,8,3.0
GP_parsimony,8,9,3.0
GP_parsimony,8,10,3.0
GP_parsimony,8,11,3.0
GP_parsimony,8,12,3.0
GP_parsimony,8,13,3.0
GP_parsimony,8,14,3.0
GP_parsimony,8,15,3.0
GP_parsimony,8,16,3.03125
GP_parsimony,8,17,3.03125
GP_parsimony,8,18,3.0625
GP_parsimony,8,19,3.25
GP_parsimony,8,20,3.59375
GP_parsimony,8,21,4.125
GP_parsimony,8,22,4.6875
GP_parsimony,8,23,5.0
GP_parsimony,8,24,5.0
GP_parsimony,8,25,5.0
GP_parsimony,8,26,5.0
GP_parsimony,8,27,5.0
GP_parsimony,8,28,5.0
GP_parsimony,8,29,5.0
GP_parsimony,8,30,5.0
GP_parsimony,8,31,5.0
GP_parsimony,8,32,5.0
GP_parsimony,8,33,5.0
GP_parsimony,8,34,5.0
GP_parsimony,8,35,5.0
GP_parsimony,8,36,5.0
GP_parsimony,8,37,5.0
GP_parsimony,8,38,5.0
GP_parsimony,8,39,5.0
GP_parsimony,8,40,5.0
GP_parsimony,8,41,5.0
GP_parsimony,8,42,5.0
GP_parsimony,8,43,5.0
GP_parsimony,8,44,5.0
GP_parsimony,8,45,5.0
GP_parsimony,8,46,5.0
GP_parsimony,8,47,5.0
GP_parsimony,8,48,5.0
GP_parsimony,8,49,5.0
GP_parsimony,8,50,5.0
GP_parsimony,8,51,5.0
GP_parsimony,8,52,5.0
GP_parsimony,8,53,5.0
GP_parsimony,8,54,5.0
GP_parsimony,8,55,5.0
GP_parsimony,8,56,5.0
GP_parsimony,8,57,5.0
GP_parsimony,8,58,5.0
GP_parsimony,8,59,5.0
GP_parsimony,8,60,5.0
GP_parsimony,8,61,5.0
GP_parsimony,8,62,5.0
GP_parsimony,8,63,5.0
GP_parsimony,9,0,6.734375
GP_parsimony,9,1,6.84375
GP_parsimony,9,2,7.5
GP_parsimony,9,3,6.890625
GP_parsimony,9,4,5.453125
GP_parsimony,9,5,5.71875
GP_parsimony,9,6,4.359375
GP_parsimony,9,7,3.0
GP_parsimony,9,8,3.0
GP_parsimony,9,9,3.0
GP_parsimony,9,10,3.0
GP_parsimony,9,11,3.0
GP_parsimony,9,12,3.0
GP_parsimony,9,13,3.0
GP_parsimony,9,14,3.0
GP_parsimony,9,15,3.0
GP_parsimony,9,16,3.0
GP_parsimony,9,17,3.0
GP_parsimony,9,18,3.0
GP_parsimony,9,19,3.0
GP_parsimony,9,20,3.0
GP_parsimony,9,21,3.0
GP_parsimony,9,22,3.0
GP_parsimony,9,23,3.0
GP_parsimony,9,24,3.0
GP_parsimony,9,25,3.0
GP_parsimony,9,26,3.0
GP_parsimony,9,27,3.0
GP_parsimony,9,28,3.0
GP_parsimony,9,29,3.0
GP_parsimony,9,30,3.0
GP_parsimony,9,31,3.0
GP_parsimony,9,32,3.0
GP_parsimony,9,33,3.0
GP_parsimony,9,34,3.0
GP_parsimony,9,35,3.0
GP_parsimony,9,36,3.0
GP_parsimony,9,37,3.0
GP_parsimony,9,38,3.0
GP_parsimony,9,39,3.0
GP_parsimony,9,40,3.0
GP_parsimony,9,41,3.0
GP_parsimony,9,42,3.0
GP_parsimony,9,43,3.0
GP_parsimony,9,44,3.0
GP_parsimony,9,45,3.0
GP_parsimony,9,46,3.03125
GP_parsimony,9,47,3.03125
GP_parsimony,9,48,3.0625
GP_parsimony,9,49,3.125
GP_parsimony,9,50,3.21875
GP_parsimony,9,51,3.375
GP_parsimony,9,52,3.84375
GP_parsimony,9,53,4.4375
GP_parsimony,9,54,5.0
GP_parsimony,9,55,5.0
GP_parsimony,9,56,5.0
GP_parsimony,9,57,5.0
GP_parsimony,9,58,5.0
GP_parsimony,9,59,5.0
GP_parsimony,9,60,5.0
GP_parsimony,9,61,5.0
GP_parsimony,9,62,5.0
GP_parsimony,9,63,5.0
GP_parsimony,10,0,5.421875
GP_parsimony,10,1,5.25
GP_parsimony,10,2,4.640625
GP_parsimony,10,3,4.90625
GP_parsimony,10,4,4.3125
GP_parsimony,10,5,3.28125
GP_parsimony,10,6,3.0625
GP_parsimony,10,7,3.0625
GP_parsimony,10,8,3.125
GP_parsimony,10,9,3.1875
GP_parsimony,10,10,3.25
GP_parsimony,10,11,3.46875
GP_parsimony,10,12,4.03125
GP_parsimony,10,13,4.84375
GP_parsimony,10,14,6.125
GP_parsimony,10,15,6.84375
GP_parsimony,10,16,7.25
GP_parsimony,10,17,7.625
GP_parsimony,10,18,8.0
GP_parsimony,10,19,8.75
GP_parsimony,10,20,9.5625
GP_parsimony,10,21,10.875
GP_parsimony,10,22,11.0
GP_parsimony,10,23,11.0
GP_parsimony,10,24,11.0
GP_parsimony,10,25,11.0
GP_parsimony,10,26,11.0
GP_parsimony,10,27,11.0
GP_parsimony,10,28,11.0
GP_parsimony,10,29,11.0
GP_parsimony,10,30,11.0
GP_parsimony,10,31,11.0
GP_parsimony,10,32,11.0
GP_parsimony,10,33,11.0
GP_parsimony,10,34,11.0
GP_parsimony,10,35,11.0
GP_parsimony,10,36,11.0
GP_parsimony,10,37,11.0
GP_parsimony,10,38,11.0
GP_parsimony,10,39,11.0
GP_parsimony,10,40,11.0
GP_parsimony,10,41,11.0
GP_parsimony,10,42,11.0
GP_parsimony,10,43,11.0
GP_parsimony,10,44,11.0
GP_parsimony,10,45,11.0
GP_parsimony,10,46,11.0
GP_parsimony,10,47,11.0
GP_parsimony,10,48,11.0
GP_parsimony,10,49,11.0
GP_parsimony,10,50,11.0
GP_parsimony,10,51,11.0
GP_parsimony,10,52,11.0
GP_parsimony,10,53,11.0
GP_parsimony,10,54,11.0
GP_parsimony,10,55,11.0
GP_parsimony,10,56,11.0
GP_parsimony,10,57,11.0
GP_parsimony,10,58,11.0
GP_parsimony,10,59,11.0
GP_parsimony,10,60,11.0
GP_parsimony,10,61,11.0
GP_parsimony,10,62,11.0
GP_parsimony,10,63,11.0
GP_parsimony,11,0,7.0
GP_parsimony,11,1,6.875
GP_parsimony,11,2,7.453125
GP_parsimony,11,3,6.96875
GP_parsimony,11,4,7.5
GP_parsimony,11,5,11.40625
GP_parsimony,11,6,12.28125
GP_parsimony,11,7,9.640625
GP_parsimony,11,8,7.953125
GP_parsimony,11,9,10.328125
GP_parsimony,11,10,10.59375
GP_parsimony,11,11,7.515625
GP_parsimony,11,12,8.09375
GP_parsimony,11,13,9.8125
GP_parsimony,11,14,14.25
GP_parsimony,11,15,21.8125
GP_parsimony,11,16,26.90625
GP_parsimony,11,17,26.90625
GP_parsimony,11,18,26.78125
GP_parsimony,11,19,26.4375
GP_parsimony,11,20,26.125
GP_parsimony,11,21,25.8125
GP_parsimony,11,22,25.15625
GP_parsimony,11,23,25.0
GP_parsimony,11,24,25.0
GP_parsimony,11,25,25.0
GP_parsimony,11,26,25.0
GP_parsimony,11,27,25.0
GP_parsimony,11,28,25.0
GP_parsimony,11,29,25.0
GP_parsimony,11,30,25.0
GP_parsimony,11,31,25.0
GP_parsimony,11,32,25.0
GP_parsimony,11,33,25.0
GP_parsimony,11,34,25.0
GP_parsimony,11,35,25.0
GP_parsimony,11,36,25.0
GP_parsimony,11,37,25.0
GP_parsimony,11,38,25.0
GP_parsimony,11,39,25.0
GP_parsimony,11,40,25.0
GP_parsimony,11,41,25.0
GP_parsimony,11,42,25.0
GP_parsimony,11,43,25.0
GP_parsimony,11,44,25.0
GP_parsimony,11,45,25.0
GP_parsimony,11,46,25.0
GP_parsimony,11,47,25.0
GP_parsimony,11,48,25.0
GP_parsimony,11,49,25.0
GP_parsimony,11,50,25.0
GP_parsimony,11,51,25.0
GP_parsimony,11,52,25.0
GP_parsimony,11,53,25.0
GP_parsimony,11,54,25.0
GP_parsimony,11,55,25.0
GP_parsimony,11,56,25.0
GP_parsimony,11,57,25.0
GP_parsimony,11,58,25.0
GP_parsimony,11,59,25.0
GP_parsimony,11,60,25.0
GP_parsimony,11,61,25.0
GP_parsimony,11,62,25.0
GP_parsimony,11,63,25.0
GP_parsimony,12,0,6.3125
GP_parsimony,12,1,6.234375
GP_parsimony,12,2,5.171875
GP_parsimony,12,3,5.125
GP_parsimony,12,4,5.34375
GP_parsimony,12,5,3.796875
GP_parsimony,12,6,3.1875
GP_parsimony,12,7,3.40625
GP_parsimony,12,8,3.75
GP_parsimony,12,9,4.375
GP_parsimony,12,10,4.96875
GP_parsimony,12,11,5.0
GP_parsimony,12,12,5.0
GP_parsimony,12,13,5.0
GP_parsimony,12,14,5.0
GP_parsimony,12,15,5.0
GP_parsimony,12,16,5.0
GP_parsimony,12,17,5.0
GP_parsimony,12,18,5.0
GP_parsimony,12,19,5.0
GP_parsimony,12,20,5.0
GP_parsimony,12,21,5.0
GP_parsimony,12,22,5.0
GP_parsimony,12,23,5.0
GP_parsimony,12,24,5.0
GP_parsimony,12,25,5.0
GP_parsimony,12,26,5.0
GP_parsimony,12,27,5.0
GP_parsimony,12,28,5.0
GP_parsimony,12,29,5.0
GP_parsimony,12,30,5.0
GP_parsimony,12,31,5.0
GP_parsimony,12,32,5.0
GP_parsimony,12,33,5.046875
GP_parsimony,12,34,5.09375
GP_parsimony,12,35,5.1875
GP_parsimony,12,36,5.484375
GP_parsimony,12,37,5.921875
GP_parsimony,12,38,6.390625
GP_parsimony,12,39,7.484375
GP_parsimony,12,40,8.28125
GP_parsimony,12,41,8.34375
GP_parsimony,12,42,8.21875
GP_parsimony,12,43,8.5
GP_parsimony,12,44,8.84375
GP_parsimony,12,45,9.234375
GP_parsimony,12,46,9.515625
GP_parsimony,12,47,9.78125
GP_parsimony,12,48,10.0
GP_parsimony,12,49,10.0
GP_parsimony,12,50,10.0
GP_parsimony,12,51,10.0
GP_parsimony,12,52,10.0
GP_parsimony,12,53,10.0
GP_parsimony,12,54,10.0
GP_parsimony,12,55,10.0
GP_parsimony,12,56,10.0
GP_parsimony,12,57,10.0
GP_parsimony,12,58,10.0
GP_parsimony,12,59,10.0
GP_parsimony,12,60,10.0
GP_parsimony,12,61,10.0
GP_parsimony,12,62,10.0
GP_parsimony,12,63,10.0
GP_parsimony,13,0,6.046875
GP_parsimony,13,1,7.21875
GP_parsimony,13,2,6.953125
GP_parsimony,13,3,7.296875
GP_parsimony,13,4,4.359375
GP_parsimony,13,5,4.1875
GP_parsimony,13,6,5.453125
GP_parsimony,13,7,7.84375
GP_parsimony,13,8,10.0
GP_parsimony,13,9,10.0625
GP_parsimony,13,10,10.140625
GP_parsimony,13,11,10.375
GP_parsimony,13,12,10.609375
GP_parsimony,13,13,11.0
GP_parsimony,13,14,11.0
GP_parsimony,13,15,11.0
GP_parsimony,13,16,11.046875
GP_parsimony,13,17,11.046875
GP_parsimony,13,18,11.09375
GP_parsimony,13,19,11.140625
GP_parsimony,13,20,11.171875
GP_parsimony,13,21,10.859375
GP_parsimony,13,22,10.671875
GP_parsimony,13,23,10.34375
GP_parsimony,13,24,10.015625
GP_parsimony,13,25,10.0
GP_parsimony,13,26,10.0
GP_parsimony,13,27,10.0
GP_parsimony,13,28,10.0
GP_parsimony,13,29,10.0
GP_parsimony,13,30,10.0
GP_parsimony,13,31,10.0
GP_parsimony,13,32,10.0
GP_parsimony,13,33,10.0
GP_parsimony,13,34,10.0
GP_parsimony,13,35,10.0
GP_parsimony,13,36,10.0
GP_parsimony,13,37,10.0
GP_parsimony,13,38,10.0
GP_parsimony,13,39,10.0
GP_parsimony,13,40,10.0
GP_parsimony,13,41,10.0
GP_parsimony,13,42,10.0
GP_parsimony,13,43,10.0
GP_parsimony,13,44,10.0
GP_parsimony,13,45,10.0
GP_parsimony,13,46,10.0
GP_parsimony,13,47,10.0
GP_parsimony,13,48,10.0
GP_parsimony,13,49,10.0
GP_parsimony,13,50,10.0
GP_parsimony,13,51,10.0
GP_parsimony,13,52,10.0
GP_parsimony,13,53,10.0
GP_parsimony,13,54,10.0
GP_parsimony,13,55,10.0
GP_parsimony,13,56,10.0
GP_parsimony,13,57,10.0
GP_parsimony,13,58,10.0
GP_parsimony,13,59,10.0
GP_parsimony,13,60,10.0
GP_parsimony,13,61,10.0
GP_parsimony,13,62,10.0
GP_parsimony,13,63,10.0
GP_parsimony,14,0,7.734375
GP_parsimony,14,1,9.03125
GP_parsimony,14,2,8.40625
GP_parsimony,14,3,9.8125
GP_parsimony,14,4,11.6875
GP_parsimony,14,5,13.5
GP_parsimony,14,6,14.234375
GP_parsimony,14,7,20.15625
GP_parsimony,14,8,20.59375
GP_parsimony,14,9,23.34375
GP_parsimony,14,10,24.71875
GP_parsimony,14,11,22.84375
GP_parsimony,14,12,22.328125
GP_parsimony,14,13,21.78125
GP_parsimony,14,14,20.703125
GP_parsimony,14,15,19.28125
GP_parsimony,14,16,19.0
GP_parsimony,14,17,19.0
GP_parsimony,14,18,19.0
GP_parsimony,14,19,19.0
GP_parsimony,14,20,19.0
GP_parsimony,14,21,19.0
GP_parsimony,14,22,18.9375
GP_parsimony,14,23,18.875
GP_parsimony,14,24,18.703125
GP_parsimony,14,25,18.421875
GP_parsimony,14,26,17.96875
GP_parsimony,14,27,17.359375
GP_parsimony,14,28,16.453125
GP_parsimony,14,29,15.171875
GP_parsimony,14,30,15.0
GP_parsimony,14,31,15.0
GP_parsimony,14,32,15.046875
GP_parsimony,14,33,15.09375
GP_parsimony,14,34,15.140625
GP_parsimony,14,35,15.34375
GP_parsimony,14,36,15.65625
GP_parsimony,14,37,16.125
GP_parsimony,14,38,16.921875
GP_parsimony,14,39,18.0
GP_parsimony,14,40,18.015625
GP_parsimony,14,41,18.0625
GP_parsimony,14,42,18.15625
GP_parsimony,14,43,18.3125
GP_parsimony,14,44,18.359375
GP_parsimony,14,45,18.765625
GP_parsimony,14,46,18.296875
GP_parsimony,14,47,17.40625
GP_parsimony,14,48,16.65625
GP_parsimony,14,49,16.28125
GP_parsimony,14,50,17.3125
GP_parsimony,14,51,19.78125
GP_parsimony,14,52,19.34375
GP_parsimony,14,53,18.25
GP_parsimony,14,54,18.203125
GP_parsimony,14,55,18.328125
GP_parsimony,14,56,18.609375
GP_parsimony,14,57,19.0
GP_parsimony,14,58,19.0
GP_parsimony,14,59,19.0
GP_parsimony,14,60,19.0
GP_parsimony,14,61,19.0
GP_parsimony,14,62,19.0
GP_parsimony,14,63,19.0
GP_parsimony,15,0,8.03125
GP_parsimony,15,1,6.765625
GP_parsimony,15,2,6.203125
GP_parsimony,15,3,6.375
GP_parsimony,15,4,7.0
GP_parsimony,15,5,6.34375
GP_parsimony,15,6,5.1875
GP_parsimony,15,7,3.3125
GP_parsimony,15,8,3.0
GP_parsimony,15,9,3.078125
GP_parsimony,15,10,3.078125
GP_parsimony,15,11,3.15625
GP_parsimony,15,12,3.390625
GP_parsimony,15,13,3.703125
GP_parsimony,15,14,4.640625
GP_parsimony,15,15,5.828125
GP_parsimony,15,16,7.578125
GP_parsimony,15,17,8.484375
GP_parsimony,15,18,8.765625
GP_parsimony,15,19,9.140625
GP_parsimony,15,20,9.75
GP_parsimony,15,21,9.4375
GP_parsimony,15,22,9.0
GP_parsimony,15,23,8.9375
GP_parsimony,15,24,8.9375
GP_parsimony,15,25,8.859375
GP_parsimony,15,26,8.703125
GP_parsimony,15,27,8.15625
GP_parsimony,15,28,8.015625
GP_parsimony,15,29,8.03125
GP_parsimony,15,30,7.984375
GP_parsimony,15,31,7.984375
GP_parsimony,15,32,7.875
GP_parsimony,15,33,7.53125
GP_parsimony,15,34,7.03125
GP_parsimony,15,35,7.0
GP_parsimony,15,36,7.0
GP_parsimony,15,37,7.0
GP_parsimony,15,38,7.0
GP_parsimony,15,39,7.0
GP_parsimony,15,40,7.0
GP_parsimony,15,41,7.0
GP_parsimony,15,42,7.0
GP_parsimony,15,43,7.0
GP_parsimony,15,44,7.0
GP_parsimony,15,45,7.0
GP_parsimony,15,46,7.0
GP_parsimony,15,47,7.0
GP_parsimony,15,48,7.0
GP_parsimony,15,49,7.0
GP_parsimony,15,50,7.0
GP_parsimony,15,51,7.0
GP_parsimony,15,52,7.0
GP_parsimony,15,53,7.0
GP_parsimony,15,54,7.0
GP_parsimony,15,55,7.0
GP_parsimony,15,56,7.0
GP_parsimony,15,57,7.0
GP_parsimony,15,58,7.0
GP_parsimony,15,59,7.0
GP_parsimony,15,60,7.0
GP_parsimony,15,61,7.0
GP_parsimony,15,62,7.0
GP_parsimony,15,63,7.0
GP_parsimony,16,0,7.171875
GP_parsimony,16,1,4.65625
GP_parsimony,16,2,4.6875
GP_parsimony,16,3,5.4375
GP_parsimony,16,4,5.234375
GP_parsimony,16,5,5.546875
GP_parsimony,16,6,5.546875
GP_parsimony,16,7,4.6875
GP_parsimony,16,8,3.0
GP_parsimony,16,9,3.0625
GP_parsimony,16,10,3.0625
GP_parsimony,16,11,3.25
GP_parsimony,16,12,3.4375
GP_parsimony,16,13,3.6875
GP_parsimony,16,14,4.125
GP_parsimony,16,15,4.875
GP_parsimony,16,16,6.3125
GP_parsimony,16,17,7.0
GP_parsimony,16,18,7.0
GP_parsimony,16,19,7.0
GP_parsimony,16,20,7.0
GP_parsimony,16,21,7.0
GP_parsimony,16,22,7.0
GP_parsimony,16,23,7.0
GP_parsimony,16,24,7.0
GP_parsimony,16,25,7.0
GP_parsimony,16,26,7.0
GP_parsimony,16,27,7.0
GP_parsimony,16,28,7.0
GP_parsimony,16,29,7.0
GP_parsimony,16,30,7.0
GP_parsimony,16,31,7.0
GP_parsimony,16,32,7.0
GP_parsimony,16,33,7.0
GP_parsimony,16,34,7.0
GP_parsimony,16,35,7.0
GP_parsimony,16,36,7.0
GP_parsimony,16,37,7.0
GP_parsimony,16,38,7.0
GP_parsimony,16,39,7.0
GP_parsimony,16,40,7.0
GP_parsimony,16,41,7.0
GP_parsimony,16,42,7.0
GP_parsimony,16,43,7.0
GP_parsimony,16,44,7.0
GP_parsimony,16,45,7.0
GP_parsimony,16,46,7.0
GP_parsimony,16,47,7.0
GP_parsimony,16,48,7.0
GP_parsimony,16,49,7.0
GP_parsimony,16,50,7.0
GP_parsimony,16,51,7.0
GP_parsimony,16,52,7.0
GP_parsimony,16,53,7.0
GP_parsimony,16,54,7.0
GP_parsimony,16,55,7.0
GP_parsimony,16,56,7.0
GP_parsimony,16,57,7.0
GP_parsimony,16,58,7.0
GP_parsimony,16,59,7.0
GP_parsimony,16,60,7.0
GP_parsimony,16,61,7.0
GP_parsimony,16,62,7.0
GP_parsimony,16,63,7.0
GP_parsimony,17,0,7.078125
GP_parsimony,17,1,6.640625
GP_parsimony,17,2,6.3125
GP_parsimony,17,3,6.65625
GP_parsimony,17,4,7.984375
GP_parsimony,17,5,7.359375
GP_parsimony,17,6,7.390625
GP_parsimony,17,7,3.5
GP_parsimony,17,8,3.0
GP_parsimony,17,9,3.0
GP_parsimony,17,10,3.0
GP_parsimony,17,11,3.0
GP_parsimony,17,12,3.0
GP_parsimony,17,13,3.0
GP_parsimony,17,14,3.0
GP_parsimony,17,15,3.0
GP_parsimony,17,16,3.0
GP_parsimony,17,17,3.0
GP_parsimony,17,18,3.0
GP_parsimony,17,19,3.0
GP_parsimony,17,20,3.0
GP_parsimony,17,21,3.0
GP_parsimony,17,22,3.0
GP_parsimony,17,23,3.0
GP_parsimony,17,24,3.0
GP_parsimony,17,25,3.0
GP_parsimony,17,26,3.0
GP_parsimony,17,27,3.0
GP_parsimony,17,28,3.0
GP_parsimony,17,29,3.0
GP_parsimony,17,30,3.0
GP_parsimony,17,31,3.0
GP_parsimony,17,32,3.0
GP_parsimony,17,33,3.0
GP_parsimony,17,34,3.0
GP_parsimony,17,35,3.0
GP_parsimony,17,36,3.0
GP_parsimony,17,37,3.0
GP_parsimony,17,38,3.0
GP_parsimony,17,39,3.0
GP_parsimony,17,40,3.0
GP_parsimony,17,41,3.0
GP_parsimony,17,42,3.0
GP_parsimony,17,43,3.0
GP_parsimony,17,44,3.0
GP_parsimony,17,45,3.0
GP_parsimony,17,46,3.0
GP_parsimony,17,47,3.0
GP_parsimony,17,48,3.0
GP_parsimony,17,49,3.0
GP_parsimony,17,50,3.0
GP_parsimony,17,51,3.0
GP_parsimony,17,52,3.0
GP_parsimony,17,53,3.0
GP_parsimony,17,54,3.0
GP_parsimony,17,55,3.0
GP_parsimony,17,56,3.0
GP_parsimony,17,57,3.0
GP_parsimony,17,58,3.0
GP_parsimony,17,59,3.0
GP_parsimony,17,60,3.0
GP_parsimony,17,61,3.0
GP_parsimony,17,62,3.0
GP_parsimony,17,63,3.0
GP_parsimony,18,0,6.578125
GP_parsimony,18,1,6.765625
GP_parsimony,18,2,8.375
GP_parsimony,18,3,12.59375
GP_parsimony,18,4,16.40625
GP_parsimony,18,5,18.78125
GP_parsimony,18,6,11.65625
GP_parsimony,18,7,7.921875
GP_parsimony,18,8,5.328125
GP_parsimony,18,9,4.625
GP_parsimony,18,10,3.5625
GP_parsimony,18,11,3.0
GP_parsimony,18,12,3.0
GP_parsimony,18,13,3.09375
GP_parsimony,18,14,3.28125
GP_parsimony,18,15,3.46875
GP_parsimony,18,16,4.3125
GP_parsimony,18,17,5.28125
GP_parsimony,18,18,7.09375
GP_parsimony,18,19,8.75
GP_parsimony,18,20,9.5625
GP_parsimony,18,21,9.90625
GP_parsimony,18,22,10.375
GP_parsimony,18,23,10.75
GP_parsimony,18,24,10.96875
GP_parsimony,18,25,10.90625
GP_parsimony,18,26,10.75
GP_parsimony,18,27,10.53125
GP_parsimony,18,28,10.25
GP_parsimony,18,29,9.8125
GP_parsimony,18,30,9.3125
GP_parsimony,18,31,9.0
GP_parsimony,18,32,9.0
GP_parsimony,18,33,9.0
GP_parsimony,18,34,9.0
GP_parsimony,18,35,9.0
GP_parsimony,18,36,9.0
GP_parsimony,18,37,9.0
GP_parsimony,18,38,9.0
GP_parsimony,18,39,9.0
GP_parsimony,18,40,9.0
GP_parsimony,18,41,9.0
GP_parsimony,18,42,9.0
GP_parsimony,18,43,9.0
GP_parsimony,18,44,9.0
GP_parsimony,18,45,9.0
GP_parsimony,18,46,9.0
GP_parsimony,18,47,9.0
GP_parsimony,18,48,9.0
GP_parsimony,18,49,9.0
GP_parsimony,18,50,9.0
GP_parsimony,18,51,9.0
GP_parsimony,18,52,9.0
GP_parsimony,18,53,9.0
GP_parsimony,18,54,9.0
GP_parsimony,18,55,9.0
GP_parsimony,18,56,9.0
GP_parsimony,18,57,9.0
GP_parsimony,18,58,9.0
GP_parsimony,18,59,9.0
GP_parsimony,18,60,9.0
GP_parsimony,18,61,9.0
GP_parsimony,18,62,9.0
GP_parsimony,18,63,9.0
GP_parsimony,19,0,7.390625
GP_parsimony,19,1,7.21875
GP_parsimony,19,2,7.03125
GP_parsimony,19,3,9.59375
GP_parsimony,19,4,9.953125
GP_parsimony,19,5,12.203125
GP_parsimony,19,6,8.40625
GP_parsimony,19,7,6.625
GP_parsimony,19,8,6.21875
GP_parsimony,19,9,6.0
GP_parsimony,19,10,7.4375
GP_parsimony,19,11,9.21875
GP_parsimony,19,12,8.625
GP_parsimony,19,13,8.125
GP_parsimony,19,14,7.8125
GP_parsimony,19,15,7.0
GP_parsimony,19,16,5.9375
GP_parsimony,19,17,5.0
GP_parsimony,19,18,5.0
GP_parsimony,19,19,5.0
GP_parsimony,19,20,5.0
GP_parsimony,19,21,5.0
GP_parsimony,19,22,5.0
GP_parsimony,19,23,5.078125
GP_parsimony,19,24,5.078125
GP_parsimony,19,25,5.234375
GP_parsimony,19,26,5.625
GP_parsimony,19,27,6.40625
GP_parsimony,19,28,7.984375
GP_parsimony,19,29,9.796875
GP_parsimony,19,30,10.0
GP_parsimony,19,31,10.0
GP_parsimony,19,32,10.0
GP_parsimony,19,33,10.0
GP_parsimony,19,34,10.015625
GP_parsimony,19,35,10.046875
GP_parsimony,19,36,10.0
GP_parsimony,19,37,10.0
GP_parsimony,19,38,10.0
GP_parsimony,19,39,10.0
GP_parsimony,19,40,10.0
GP_parsimony,19,41,10.0
GP_parsimony,19,42,10.0
GP_parsimony,19,43,10.0
GP_parsimony,19,44,10.0
GP_parsimony,19,45,10.0
GP_parsimony,19,46,10.0
GP_parsimony,19,47,10.0
GP_parsimony,19,48,10.0
GP_parsimony,19,49,10.0
GP_parsimony,19,50,10.0
GP_parsimony,19,51,10.0
GP_parsimony,19,52,10.0
GP_parsimony,19,53,10.0
GP_parsimony,19,54,10.0
GP_parsimony,19,55,10.0
GP_parsimony,19,56,10.0
GP_parsimony,19,57,10.0
GP_parsimony,19,58,10.0
GP_parsimony,19,59,10.0
GP_parsimony,19,60,10.0
GP_parsimony,19,61,10.0
GP_parsimony,19,62,10.0
GP_parsimony,19,63,10.0
GP_parsimony,20,0,7.859375
GP_parsimony,20,1,6.0625
GP_parsimony,20,2,6.171875
GP_parsimony,20,3,6.5625
GP_parsimony,20,4,6.03125
GP_parsimony,20,5,4.0625
GP_parsimony,20,6,4.515625
GP_parsimony,20,7,5.0
GP_parsimony,20,8,5.0
GP_parsimony,20,9,5.0
GP_parsimony,20,10,5.0
GP_parsimony,20,11,5.0
GP_parsimony,20,12,5.0
GP_parsimony,20,13,5.0
GP_parsimony,20,14,5.0
GP_parsimony,20,15,5.0
GP_parsimony,20,16,5.0
GP_parsimony,20,17,5.0
GP_parsimony,20,18,5.0
GP_parsimony,20,19,5.0
GP_parsimony,20,20,5.0
GP_parsimony,20,21,5.0
GP_parsimony,20,22,5.0
GP_parsimony,20,23,5.0
GP_parsimony,20,24,5.0
GP_parsimony,20,25,5.0
GP_parsimony,20,26,5.0
GP_parsimony,20,27,5.0
GP_parsimony,20,28,5.0
GP_parsimony,20,29,5.0
GP_parsimony,20,30,5.0
GP_parsimony,20,31,5.0
GP_parsimony,20,32,5.0
GP_parsimony,20,33,5.0
GP_parsimony,20,34,5.0
GP_parsimony,20,35,5.0
GP_parsimony,20,36,5.0
GP_parsimony,20,37,5.0
GP_parsimony,20,38,5.0
GP_parsimony,20,39,5.0
GP_parsimony,20,40,5.0
GP_parsimony,20,41,5.0
GP_parsimony,20,42,5.0
GP_parsimony,20,43,5.0
GP_parsimony,20,44,5.0
GP_parsimony,20,45,5.0
GP_parsimony,20,46,5.0
GP_parsimony,20,47,5.0
GP_parsimony,20,48,5.0
GP_parsimony,20,49,5.0
GP_parsimony,20,50,5.0
GP_parsimony,20,51,5.0
GP_parsimony,20,52,5.0
GP_parsimony,20,53,5.0
GP_parsimony,20,54,5.0
GP_parsimony,20,55,5.0
GP_parsimony,20,56,5.0
GP_parsimony,20,57,5.0
GP_parsimony,20,58,5.0
GP_parsimony,20,59,5.0
GP_parsimony,20,60,5.0
GP_parsimony,20,61,5.0
GP_parsimony,20,62,5.0
GP_parsimony,20,63,5.0
GP_parsimony,21,0,6.5
GP_parsimony,21,1,5.765625
GP_parsimony,21,2,5.875
GP_parsimony,21,3,7.21875
GP_parsimony,21,4,7.96875
GP_parsimony,21,5,7.34375
GP_parsimony,21,6,5.578125
GP_parsimony,21,7,3.625
GP_parsimony,21,8,4.1875
GP_parsimony,21,9,4.9375
GP_parsimony,21,10,6.703125
GP_parsimony,21,11,8.515625
GP_parsimony,21,12,9.5625
GP_parsimony,21,13,9.0625
GP_parsimony,21,14,9.40625
GP_parsimony,21,15,10.90625
GP_parsimony,21,16,11.15625
GP_parsimony,21,17,11.3125
GP_parsimony,21,18,11.65625
GP_parsimony,21,19,12.125
GP_parsimony,21,20,12.34375
GP_parsimony,21,21,12.8125
GP_parsimony,21,22,12.3125
GP_parsimony,21,23,11.125
GP_parsimony,21,24,9.5625
GP_parsimony,21,25,9.875
GP_parsimony,21,26,10.4375
GP_parsimony,21,27,11.0
GP_parsimony,21,28,11.0
GP_parsimony,21,29,11.0
GP_parsimony,21,30,11.0
GP_parsimony,21,31,11.0
GP_parsimony,21,32,11.0625
GP_parsimony,21,33,11.1875
GP_parsimony,21,34,11.5
GP_parsimony,21,35,12.015625
GP_parsimony,21,36,13.140625
GP_parsimony,21,37,14.359375
GP_parsimony,21,38,15.0
GP_parsimony,21,39,15.0625
GP_parsimony,21,40,15.1875
GP_parsimony,21,41,15.5625
GP_parsimony,21,42,16.015625
GP_parsimony,21,43,17.484375
GP_parsimony,21,44,19.015625
GP_parsimony,21,45,19.0
GP_parsimony,21,46,19.0
GP_parsimony,21,47,19.0
GP_parsimony,21,48,19.0
GP_parsimony,21,49,19.0
GP_parsimony,21,50,19.0
GP_parsimony,21,51,19.0
GP_parsimony,21,52,19.0
GP_parsimony,21,53,19.0
GP_parsimony,21,54,19.0
GP_parsimony,21,55,18.96875
GP_parsimony,21,56,18.875
GP_parsimony,21,57,18.71875
GP_parsimony,21,58,18.3125
GP_parsimony,21,59,17.453125
GP_parsimony,21,60,17.0
GP_parsimony,21,61,17.0
GP_parsimony,21,62,17.0
GP_parsimony,21,63,17.0
GP_parsimony,22,0,6.59375
GP_parsimony,22,1,8.125
GP_parsimony,22,2,9.046875
GP_parsimony,22,3,8.96875
GP_parsimony,22,4,6.671875
GP_parsimony,22,5,4.671875
GP_parsimony,22,6,5.046875
GP_parsimony,22,7,6.015625
GP_parsimony,22,8,8.03125
GP_parsimony,22,9,10.0625
GP_parsimony,22,10,12.390625
GP_parsimony,22,11,10.203125
GP_parsimony,22,12,9.09375
GP_parsimony,22,13,8.71875
GP_parsimony,22,14,9.984375
GP_parsimony,22,15,11.15625
GP_parsimony,22,16,12.453125
GP_parsimony,22,17,13.453125
GP_parsimony,22,18,14.53125
GP_parsimony,22,19,15.65625
GP_parsimony,22,20,16.625
GP_parsimony,22,21,16.9375
GP_parsimony,22,22,18.625
GP_parsimony,22,23,19.9375
GP_parsimony,22,24,19.75
GP_parsimony,22,25,19.4375
GP_parsimony,22,26,18.75
GP_parsimony,22,27,17.625
GP_parsimony,22,28,16.3125
GP_parsimony,22,29,16.0
GP_parsimony,22,30,16.0
GP_parsimony,22,31,16.0
GP_parsimony,22,32,16.0
GP_parsimony,22,33,16.0
GP_parsimony,22,34,16.0
GP_parsimony,22,35,16.0
GP_parsimony,22,36,16.0
GP_parsimony,22,37,16.0
GP_parsimony,22,38,16.0
GP_parsimony,22,39,16.0
GP_parsimony,22,40,16.0
GP_parsimony,22,41,16.0
GP_parsimony,22,42,16.0
GP_parsimony,22,43,16.0
GP_parsimony,22,44,16.0
GP_parsimony,22,45,16.0
GP_parsimony,22,46,16.0
GP_parsimony,22,47,16.0
GP_parsimony,22,48,16.0
GP_parsimony,22,49,16.0
GP_parsimony,22,50,16.0
GP_parsimony,22,51,16.0
GP_parsimony,22,52,16.0
GP_parsimony,22,53,16.0
GP_parsimony,22,54,16.0
GP_parsimony,22,55,16.0
GP_parsimony,22,56,16.0
GP_parsimony,22,57,16.0
GP_parsimony,22,58,16.0
GP_parsimony,22,59,16.0
GP_parsimony,22,60,16.0
GP_parsimony,22,61,16.0
GP_parsimony,22,62,16.0
GP_parsimony,22,63,16.0
GP_parsimony,23,0,6.359375
GP_parsimony,23,1,5.859375
GP_parsimony,23,2,3.03125
GP_parsimony,23,3,1.625
GP_parsimony,23,4,2.015625
GP_parsimony,23,5,3.125
GP_parsimony,23,6,4.40625
GP_parsimony,23,7,3.75
GP_parsimony,23,8,3.03125
GP_parsimony,23,9,3.03125
GP_parsimony,23,10,3.15625
GP_parsimony,23,11,3.3125
GP_parsimony,23,12,3.5
GP_parsimony,23,13,4.09375
GP_parsimony,23,14,4.65625
GP_parsimony,23,15,5.375
GP_parsimony,23,16,5.6875
GP_parsimony,23,17,6.0
GP_parsimony,23,18,6.8125
GP_parsimony,23,19,7.875
GP_parsimony,23,20,8.75
GP_parsimony,23,21,8.90625
GP_parsimony,23,22,8.8125
GP_parsimony,23,23,8.65625
GP_parsimony,23,24,7.25
GP_parsimony,23,25,7.40625
GP_parsimony,23,26,7.6875
GP_parsimony,23,27,7.75
GP_parsimony,23,28,7.0625
GP_parsimony,23,29,7.0
GP_parsimony,23,30,7.0
GP_parsimony,23,31,7.0
GP_parsimony,23,32,7.0
GP_parsimony,23,33,7.0
GP_parsimony,23,34,7.0
GP_parsimony,23,35,7.0
GP_parsimony,23,36,7.0
GP_parsimony,23,37,7.0
GP_parsimony,23,38,7.0
GP_parsimony,23,39,7.0
GP_parsimony,23,40,7.0
GP_parsimony,23,41,7.0
GP_parsimony,23,42,7.0
GP_parsimony,23,43,7.0
GP_parsimony,23,44,7.0
GP_parsimony,23,45,7.0
GP_parsimony,23,46,7.0
GP_parsimony,23,47,7.0
GP_parsimony,23,48,7.0
GP_parsimony,23,49,7.0
GP_parsimony,23,50,7.0
GP_parsimony,23,51,7.0
GP_parsimony,23,52,7.0
GP_parsimony,23,53,7.0
GP_parsimony,23,54,7.0
GP_parsimony,23,55,7.0
GP_parsimony,23,56,7.0
GP_parsimony,23,57,7.0
GP_parsimony,23,58,7.0
GP_parsimony,23,59,7.0
GP_parsimony,23,60,7.0
GP_parsimony,23,61,7.0
GP_parsimony,23,62,7.0
GP_parsimony,23,63,7.0
GP_parsimony,24,0,6.890625
GP_parsimony,24,1,6.484375
GP_parsimony,24,2,7.203125
GP_parsimony,24,3,7.8125
GP_parsimony,24,4,7.53125
GP_parsimony,24,5,4.984375
GP_parsimony,24,6,3.125
GP_parsimony,24,7,3.125
GP_parsimony,24,8,3.34375
GP_parsimony,24,9,3.78125
GP_parsimony,24,10,4.125
GP_parsimony,24,11,4.8125
GP_parsimony,24,12,5.0
GP_parsimony,24,13,5.0
GP_parsimony,24,14,5.0
GP_parsimony,24,15,5.0
GP_parsimony,24,16,5.0
GP_parsimony,24,17,5.0
GP_parsimony,24,18,5.0
GP_parsimony,24,19,5.0
GP_parsimony,24,20,5.0
GP_parsimony,24,21,5.0
GP_parsimony,24,22,5.0
GP_parsimony,24,23,5.0
GP_parsimony,24,24,5.0
GP_parsimony,24,25,5.0
GP_parsimony,24,26,5.0
GP_parsimony,24,27,5.0
GP_parsimony,24,28,5.0
GP_parsimony,24,29,5.0
GP_parsimony,24,30,5.0
GP_parsimony,24,31,5.0
GP_parsimony,24,32,5.0
GP_parsimony,24,33,5.0
GP_parsimony,24,34,5.0
GP_parsimony,24,35,5.0
GP_parsimony,24,36,5.0
GP_parsimony,24,37,5.0
GP_parsimony,24,38,5.0
GP_parsimony,24,39,5.0
GP_parsimony,24,40,5.0
GP_parsimony,24,41,5.0
GP_parsimony,24,42,5.0
GP_parsimony,24,43,5.0
GP_parsimony,24,44,5.0
GP_parsimony,24,45,5.0
GP_parsimony,24,46,5.0
GP_parsimony,24,47,5.0
GP_parsimony,24,48,5.0
GP_parsimony,24,49,5.0
GP_parsimony,24,50,5.0
GP_parsimony,24,51,5.0
GP_parsimony,24,52,5.0
GP_parsimony,24,53,5.0
GP_parsimony,24,54,5.0
GP_parsimony,24,55,5.0
GP_parsimony,24,56,5.0
GP_parsimony,24,57,5.0
GP_parsimony,24,58,5.0
GP_parsimony,24,59,5.0
GP_parsimony,24,60,5.0
GP_parsimony,24,61,5.0
GP_parsimony,24,62,5.0
GP_parsimony,24,63,5.0
GP_parsimony,25,0,6.625
GP_parsimony,25,1,6.203125
GP_parsimony,25,2,7.265625
GP_parsimony,25,3,6.9375
GP_parsimony,25,4,8.015625
GP_parsimony,25,5,7.28125
GP_parsimony,25,6,5.984375
GP_parsimony,25,7,3.0
GP_parsimony,25,8,3.0
GP_parsimony,25,9,3.0
GP_parsimony,25,10,3.0
GP_parsimony,25,11,3.0
GP_parsimony,25,12,3.0
GP_parsimony,25,13,3.0
GP_parsimony,25,14,3.0
GP_parsimony,25,15,3.0
GP_parsimony,25,16,3.0
GP_parsimony,25,17,3.0
GP_parsimony,25,18,3.0
GP_parsimony,25,19,3.0
GP_parsimony,25,20,3.0
GP_parsimony,25,21,3.0
GP_parsimony,25,22,3.0
GP_parsimony,25,23,3.0
GP_parsimony,25,24,3.0
GP_parsimony,25,25,3.0
GP_parsimony,25,26,3.0
GP_parsimony,25,27,3.0
GP_parsimony,25,28,3.0
GP_parsimony,25,29,3.0
GP_parsimony,25,30,3.0
GP_parsimony,25,31,3.0
GP_parsimony,25,32,3.0
GP_parsimony,25,33,3.0
GP_parsimony,25,34,3.0
GP_parsimony,25,35,3.0
GP_parsimony,25,36,3.0
GP_parsimony,25,37,3.0
GP_parsimony,25,38,3.0
GP_parsimony,25,39,3.0
GP_parsimony,25,40,3.0
GP_parsimony,25,41,3.0
GP_parsimony,25,42,3.0
GP_parsimony,25,43,3.0
GP_parsimony,25,44,3.0
GP_parsimony,25,45,3.0
GP_parsimony,25,46,3.0
GP_parsimony,25,47,3.09375
GP_parsimony,25,48,3.09375
GP_parsimony,25,49,3.09375
GP_parsimony,25,50,3.375
GP_parsimony,25,51,3.65625
GP_parsimony,25,52,4.59375
GP_parsimony,25,53,5.625
GP_parsimony,25,54,7.21875
GP_parsimony,25,55,9.0
GP_parsimony,25,56,9.0
GP_parsimony,25,57,9.0
GP_parsimony,25,58,9.0
GP_parsimony,25,59,9.0
GP_parsimony,25,60,9.015625
GP_parsimony,25,61,9.03125
GP_parsimony,25,62,9.03125
GP_parsimony,25,63,9.046875
GP_parsimony,26,0,6.765625
GP_parsimony,26,1,6.8125
GP_parsimony,26,2,6.59375
GP_parsimony,26,3,5.625
GP_parsimony,26,4,5.53125
GP_parsimony,26,5,6.203125
GP_parsimony,26,6,6.375
GP_parsimony,26,7,5.5625
GP_parsimony,26,8,3.875
GP_parsimony,26,9,3.0
GP_parsimony,26,10,3.0
GP_parsimony,26,11,3.0
GP_parsimony,26,12,3.0
GP_parsimony,26,13,3.0
GP_parsimony,26,14,3.0
GP_parsimony,26,15,3.0
GP_parsimony,26,16,3.0
GP_parsimony,26,17,3.0
GP_parsimony,26,18,3.0
GP_parsimony,26,19,3.0
GP_parsimony,26,20,3.0
GP_parsimony,26,21,3.0
GP_parsimony,26,22,3.0
GP_parsimony,26,23,3.0
GP_parsimony,26,24,3.046875
GP_parsimony,26,25,3.09375
GP_parsimony,26,26,3.1875
GP_parsimony,26,27,3.46875
GP_parsimony,26,28,4.0
GP_parsimony,26,29,5.390625
GP_parsimony,26,30,6.375
GP_parsimony,26,31,5.96875
GP_parsimony,26,32,5.921875
GP_parsimony,26,33,5.90625
GP_parsimony,26,34,5.75
GP_parsimony,26,35,5.5625
GP_parsimony,26,36,5.296875
GP_parsimony,26,37,5.0
GP_parsimony,26,38,5.0
GP_parsimony,26,39,5.078125
GP_parsimony,26,40,5.078125
GP_parsimony,26,41,5.234375
GP_parsimony,26,42,5.390625
GP_parsimony,26,43,5.625
GP_parsimony,26,44,6.09375
GP_parsimony,26,45,6.953125
GP_parsimony,26,46,8.125
GP_parsimony,26,47,9.765625
GP_parsimony,26,48,10.015625
GP_parsimony,26,49,10.046875
GP_parsimony,26,50,10.09375
GP_parsimony,26,51,10.1875
GP_parsimony,26,52,10.328125
GP_parsimony,26,53,10.671875
GP_parsimony,26,54,11.0
GP_parsimony,26,55,11.015625
GP_parsimony,26,56,11.0625
GP_parsimony,26,57,11.109375
GP_parsimony,26,58,11.265625
GP_parsimony,26,59,11.53125
GP_parsimony,26,60,11.953125
GP_parsimony,26,61,12.0
GP_parsimony,26,62,12.0
GP_parsimony,26,63,12.0
GP_parsimony,27,0,7.453125
GP_parsimony,27,1,8.484375
GP_parsimony,27,2,6.46875
GP_parsimony,27,3,5.9375
GP_parsimony,27,4,5.90625
GP_parsimony,27,5,4.828125
GP_parsimony,27,6,3.0
GP_parsimony,27,7,3.0
GP_parsimony,27,8,3.0
GP_parsimony,27,9,3.0
GP_parsimony,27,10,3.0
GP_parsimony,27,11,3.0
GP_parsimony,27,12,3.0
GP_parsimony,27,13,3.0
GP_parsimony,27,14,3.0
GP_parsimony,27,15,3.0
GP_parsimony,27,16,3.0
GP_parsimony,27,17,3.0
GP_parsimony,27,18,3.0
GP_parsimony,27,19,3.0
GP_parsimony,27,20,3.0
GP_parsimony,27,21,3.0
GP_parsimony,27,22,3.0
GP_parsimony,27,23,3.0
GP_parsimony,27,24,3.0
GP_parsimony,27,25,3.0
GP_parsimony,27,26,3.0
GP_parsimony,27,27,3.0
GP_parsimony,27,28,3.0
GP_parsimony,27,29,3.0
GP_parsimony,27,30,3.0
GP_parsimony,27,31,3.0
GP_parsimony,27,32,3.0
GP_parsimony,27,33,3.0
GP_parsimony,27,34,3.0
GP_parsimony,27,35,3.09375
GP_parsimony,27,36,3.28125
GP_parsimony,27,37,3.9375
GP_parsimony,27,38,4.96875
GP_parsimony,27,39,6.28125
GP_parsimony,27,40,8.625
GP_parsimony,27,41,9.0
GP_parsimony,27,42,9.0
GP_parsimony,27,43,9.0
GP_parsimony,27,44,9.0
GP_parsimony,27,45,9.0
GP_parsimony,27,46,9.0
GP_parsimony,27,47,9.0
GP_parsimony,27,48,9.0
GP_parsimony,27,49,9.0
GP_parsimony,27,50,9.0
GP_parsimony,27,51,9.0
GP_parsimony,27,52,9.0
GP_parsimony,27,53,9.0
GP_parsimony,27,54,9.0
GP_parsimony,27,55,9.0
GP_parsimony,27,56,9.0
GP_parsimony,27,57,9.0
GP_parsimony,27,58,9.0
GP_parsimony,27,59,9.0
GP_parsimony,27,60,9.0
GP_parsimony,27,61,9.0
GP_parsimony,27,62,9.0
GP_parsimony,27,63,9.0
GP_parsimony,28,0,6.625
GP_parsimony,28,1,5.828125
GP_parsimony,28,2,5.734375
GP_parsimony,28,3,5.53125
GP_parsimony,28,4,6.109375
GP_parsimony,28,5,5.40625
GP_parsimony,28,6,4.703125
GP_parsimony,28,7,4.46875
GP_parsimony,28,8,5.15625
GP_parsimony,28,9,6.203125
GP_parsimony,28,10,7.03125
GP_parsimony,28,11,7.0
GP_parsimony,28,12,7.0
GP_parsimony,28,13,7.0
GP_parsimony,28,14,7.0
GP_parsimony,28,15,7.0
GP_parsimony,28,16,7.0
GP_parsimony,28,17,7.0
GP_parsimony,28,18,7.0
GP_parsimony,28,19,7.0
GP_parsimony,28,20,7.0
GP_parsimony,28,21,7.0
GP_parsimony,28,22,7.0
GP_parsimony,28,23,7.0
GP_parsimony,28,24,7.0
GP_parsimony,28,25,7.0
GP_parsimony,28,26,7.0
GP_parsimony,28,27,7.0
GP_parsimony,28,28,7.0
GP_parsimony,28,29,7.0
GP_parsimony,28,30,7.0
GP_parsimony,28,31,7.0
GP_parsimony,28,32,7.0
GP_parsimony,28,33,7.0
GP_parsimony,28,34,7.0
GP_parsimony,28,35,7.0
GP_parsimony,28,36,7.0
GP_parsimony,28,37,7.0
GP_parsimony,28,38,7.0
GP_parsimony,28,39,7.0
GP_parsimony,28,40,7.0
GP_parsimony,28,41,7.0
GP_parsimony,28,42,7.0
GP_parsimony,28,43,7.0
GP_parsimony,28,44,7.0
GP_parsimony,28,45,7.0
GP_parsimony,28,46,7.0
GP_parsimony,28,47,7.0
GP_parsimony,28,48,7.0
GP_parsimony,28,49,7.0
GP_parsimony,28,50,7.0
GP_parsimony,28,51,7.0
GP_parsimony,28,52,7.0
GP_parsimony,28,53,7.0
GP_parsimony,28,54,7.0
GP_parsimony,28,55,7.0
GP_parsimony,28,56,7.0
GP_parsimony,28,57,7.0
GP_parsimony,28,58,7.0
GP_parsimony,28,59,7.0
GP_parsimony,28,60,7.0
GP_parsimony,28,61,7.0
GP_parsimony,28,62,7.0
GP_parsimony,28,63,7.0
GP_parsimony,29,0,6.46875
GP_parsimony,29,1,6.609375
GP_parsimony,29,2,6.6875
GP_parsimony,29,3,7.421875
GP_parsimony,29,4,7.09375
GP_parsimony,29,5,6.828125
GP_parsimony,29,6,6.421875
GP_parsimony,29,7,5.09375
GP_parsimony,29,8,3.96875
GP_parsimony,29,9,3.0625
GP_parsimony,29,10,3.0625
GP_parsimony,29,11,3.125
GP_parsimony,29,12,3.375
GP_parsimony,29,13,3.84375
GP_parsimony,29,14,4.65625
GP_parsimony,29,15,5.78125
GP_parsimony,29,16,7.015625
GP_parsimony,29,17,7.0
GP_parsimony,29,18,7.0
GP_parsimony,29,19,7.0
GP_parsimony,29,20,7.0
GP_parsimony,29,21,7.0
GP_parsimony,29,22,7.0
GP_parsimony,29,23,7.0
GP_parsimony,29,24,7.0
GP_parsimony,29,25,7.0
GP_parsimony,29,26,7.0
GP_parsimony,29,27,7.0
GP_parsimony,29,28,7.0
GP_parsimony,29,29,7.0
GP_parsimony,29,30,7.0
GP_parsimony,29,31,7.0
GP_parsimony,29,32,7.0
GP_parsimony,29,33,7.0
GP_parsimony,29,34,7.0
GP_parsimony,29,35,7.0
GP_parsimony,29,36,7.0
GP_parsimony,29,37,7.0
GP_parsimony,29,38,7.0
GP_parsimony,29,39,7.0
GP_parsimony,29,40,7.0
GP_parsimony,29,41,7.0
GP_parsimony,29,42,7.0
GP_parsimony,29,43,7.0
GP_parsimony,29,44,7.0
GP_parsimony,29,45,7.0
GP_parsimony,29,46,7.0
GP_parsimony,29,47,7.0
GP_parsimony,29,48,7.0
GP_parsimony,29,49,7.0
GP_parsimony,29,50,7.0
GP_parsimony,29,51,7.0
GP_parsimony,29,52,7.0
GP_parsimony,29,53,7.0
GP_parsimony,29,54,7.0
GP_parsimony,29,55,7.0
GP_parsimony,29,56,7.0
GP_parsimony,29,57,7.0
GP_parsimony,29,58,7.0
GP_parsimony,29,59,7.0
GP_parsimony,29,60,7.0
GP_parsimony,29,61,7.0
GP_parsimony,29,62,7.0
GP_parsimony,29,63,7.0
